SoilCode,VegCode,EcodistrictCode
ST1,CA2,AC5
ST1,IH1,AC5
ST1,IH1a,AC5
ST1,IH2,AC5
ST1,IH2a,AC5
ST1,IH4,AC9
ST1,IH4a,AC9
ST1,IH6,AC9
ST1,IH6a,AC9
ST1,IH6b,AC9
ST1,IH7,AC9
ST1,IH8,AC5
ST1,MW10,AC5
ST1,MW11,AC5
ST1,MW12,AC5
ST1,MW9,AC5
ST1,OW1,AC1
ST1,OW2,AC1
ST1,OW3,AC1
ST1,SH1,AC9
ST1,SH2,AC9
ST1,SH3,AC9
ST1,SH4,AC9
ST1,SH5,AC9
ST1,SH5b,AC9
ST1,SH6,AC9
ST1,SH7,AC9
ST1,SH8,AC9
ST1,SP1,AC5
ST1,SP10,AC5
ST1,SP1a,AC5
ST1,SP2,AC5
ST1,SP2a,AC5
ST1,SP3,AC5
ST1,SP4,AC5
ST1,SP4a,AC5
ST1,SP4b,AC5
ST1,SP5,AC5
ST1,SP6,AC5
ST1,SP7,AC5
ST1,SP8,AC5
ST1,TH1,AC9
ST1,TH1a,AC9
ST1,TH5,AC9
ST1,TH6,AC9
ST1,TH7,AC9
ST1,TH8,AC9
ST1,TH8a,AC9
ST1,TH9,AC9
ST10,TH4,AC14
ST10,WC10,AC12
ST10,WC10a,AC12
ST10,WC5,AC12
ST10,WC6,AC8
ST10,WC7,AC8
ST10,WC7a,AC8
ST10,WC8,AC12
ST10,WC9,AC12
ST10,WD1,AC15
ST10,WD2,AC8
ST10,WD3,AC12
ST10,WD4,AC12
ST10,WD5,AC15
ST10,WM1,AC12
ST10,WM2,AC12
ST10,WM3,AC8
ST10,WM3a,AC8
ST10,WM4,AC12
ST10,WM5,AC15
ST10S,WC10,AC12
ST10S,WC10a,AC12
ST10S,WC5,AC12
ST10S,WC6,AC8
ST10S,WC7,AC8
ST10S,WC7a,AC8
ST10S,WC8,AC12
ST10S,WC9,AC12
ST10S,WD1,AC15
ST10S,WD2,AC8
ST10S,WD3,AC12
ST10S,WD4,AC12
ST10S,WD5,AC15
ST10S,WM1,AC12
ST10S,WM2,AC12
ST10S,WM3,AC8
ST10S,WM3a,AC8
ST10S,WM4,AC12
ST10S,WM5,AC15
ST11,CA1,AC13
ST11,FP1,AC16
ST11,FP2,AC16
ST11,FP3,AC16
ST11,FP4,AC16
ST11,FP5,AC16
ST11,FP6,AC16
ST11,FP7,AC16
ST11,FP8,AC16
ST11,FP9,AC16
ST11,IH3,AC13
ST11,IH4,AC13
ST11,IH4a,AC13
ST11,IH5,AC13
ST11,IH6,AC13
ST11,IH6a,AC13
ST11,IH6b,AC13
ST11,IH7,AC13
ST11,IH9,AC13
ST11,KA1,AC13
ST11,KA2,AC13
ST11,KA3,AC13
ST11,KA4,AC13
ST11,MW1,AC13
ST11,MW2,AC13
ST11,MW2a,AC13
ST11,MW3,AC13
ST11,MW4,AC13
ST11,MW4a,AC13
ST11,MW5,AC13
ST11,MW6,AC13
ST11,MW7,AC13
ST11,MW8,AC13
ST11,OF1,AC13
ST11,OF3,AC13
ST11,OF4,AC13
ST11,OF5,AC13
ST11,OF6,AC13
ST11,OF7,AC13
ST11,OF8,AC13
ST11,OF9,AC13
ST11,SH1,AC13
ST11,SH2,AC13
ST11,SH3,AC13
ST11,SH5,AC13
ST11,SH5a,AC13
ST11,SH5b,AC13
ST11,SH6,AC13
ST11,SH7,AC13
ST11,SH8,AC13
ST11,TH1,AC13
ST11,TH1a,AC13
ST11,TH2,AC13
ST11,TH2a,AC13
ST11,TH3,AC13
ST11,TH4,AC16
ST11,TH5,AC13
ST11,TH6,AC13
ST11,TH7,AC13
ST11,TH8,AC13
ST11,TH8a,AC13
ST11,TH9,AC13
ST11S,CA1,AC13
ST11S,IH3,AC13
ST11S,IH4,AC13
ST11S,IH4a,AC13
ST11S,IH5,AC13
ST11S,IH6,AC13
ST11S,IH6a,AC13
ST11S,IH6b,AC13
ST11S,IH7,AC13
ST11S,IH9,AC13
ST11S,KA1,AC13
ST11S,KA2,AC13
ST11S,KA3,AC13
ST11S,KA4,AC13
ST11S,MW1,AC13
ST11S,MW2,AC13
ST11S,MW2a,AC13
ST11S,MW3,AC13
ST11S,MW4,AC13
ST11S,MW4a,AC13
ST11S,MW5,AC13
ST11S,MW6,AC13
ST11S,MW7,AC13
ST11S,MW8,AC13
ST11S,SH1,AC13
ST11S,SH2,AC13
ST11S,SH3,AC13
ST11S,SH5,AC13
ST11S,SH5a,AC13
ST11S,SH5b,AC13
ST11S,SH6,AC13
ST11S,SH7,AC13
ST11S,SH8,AC13
ST11S,TH1,AC13
ST11S,TH1a,AC13
ST11S,TH2,AC13
ST11S,TH2a,AC13
ST11S,TH3,AC13
ST11S,TH5,AC13
ST11S,TH6,AC13
ST11S,TH7,AC13
ST11S,TH8,AC13
ST11S,TH8a,AC13
ST11S,TH9,AC13
ST12,CA1,AC14
ST12,FP1,AC17
ST12,FP2,AC17
ST12,FP3,AC17
ST12,FP4,AC17
ST12,FP5,AC17
ST12,FP6,AC17
ST12,FP7,AC17
ST12,FP8,AC17
ST12,FP9,AC17
ST12,IH3,AC14
ST12,IH4,AC14
ST12,IH4a,AC14
ST12,IH5,AC14
ST12,IH6,AC14
ST12,IH6a,AC14
ST12,IH6b,AC14
ST12,IH7,AC14
ST12,IH9,AC14
ST12,KA1,AC14
ST12,KA2,AC14
ST12,KA3,AC14
ST12,KA4,AC14
ST12,MW1,AC14
ST12,MW13,AC14
ST12,MW2,AC14
ST12,MW2a,AC14
ST12,MW3,AC14
ST12,MW4,AC14
ST12,MW4a,AC14
ST12,MW5,AC14
ST12,MW6,AC14
ST12,MW7,AC14
ST12,MW8,AC14
ST12,OF1,AC14
ST12,OF2,AC14
ST12,OF3,AC14
ST12,OF4,AC14
ST12,OF5,AC14
ST12,OF6,AC14
ST12,OF7,AC14
ST12,OF8,AC14
ST12,OF9,AC14
ST12,SH1,AC14
ST12,SH2,AC14
ST12,SH3,AC14
ST12,SH5,AC14
ST12,SH5a,AC14
ST12,SH5b,AC14
ST12,SH6,AC14
ST12,SH7,AC14
ST12,SH8,AC14
ST12,TH1,AC14
ST12,TH1a,AC14
ST12,TH2,AC14
ST12,TH2a,AC14
ST12,TH3,AC14
ST12,TH4,AC17
ST12,TH6,AC14
ST12,TH7,AC14
ST12,TH8,AC14
ST12,TH8a,AC14
ST12,TH9,AC14
ST12S,CA1,AC14
ST12S,IH3,AC14
ST12S,IH4,AC14
ST12S,IH4a,AC14
ST12S,IH5,AC14
ST12S,IH6,AC14
ST12S,IH6a,AC14
ST12S,IH6b,AC14
ST12S,IH7,AC14
ST12S,IH9,AC14
ST12S,KA1,AC14
ST12S,KA2,AC14
ST12S,KA3,AC14
ST12S,KA4,AC14
ST12S,MW1,AC14
ST12S,MW13,AC14
ST12S,MW2,AC14
ST12S,MW2a,AC14
ST12S,MW3,AC14
ST12S,MW4,AC14
ST12S,MW4a,AC14
ST12S,MW5,AC14
ST12S,MW6,AC14
ST12S,MW7,AC14
ST12S,MW8,AC14
ST12S,SH1,AC14
ST12S,SH2,AC14
ST12S,SH3,AC14
ST12S,SH5,AC14
ST12S,SH5a,AC14
ST12S,SH5b,AC14
ST12S,SH6,AC14
ST12S,SH7,AC14
ST12S,SH8,AC14
ST12S,TH1,AC14
ST12S,TH1a,AC14
ST12S,TH2,AC14
ST12S,TH2a,AC14
ST12S,TH3,AC14
ST12S,TH6,AC14
ST12S,TH7,AC14
ST12S,TH8,AC14
ST12S,TH8a,AC14
ST12S,TH9,AC14
ST13,OF2,AC14
ST13,OF5,AC14
ST13,OF6,AC14
ST13,TH4,AC17
ST13,WC10,AC12
ST13,WC10a,AC12
ST13,WC5,AC12
ST13,WC6,AC8
ST13,WC7,AC8
ST13,WC7a,AC8
ST13,WC8,AC12
ST13,WC9,AC12
ST13,WD1,AC15
ST13,WD2,AC8
ST13,WD3,AC12
ST13,WD4,AC12
ST13,WD5,AC15
ST13,WM1,AC12
ST13,WM2,AC12
ST13,WM4,AC12
ST13,WM5,AC15
ST13S,WC10,AC12
ST13S,WC10a,AC12
ST13S,WC5,AC12
ST13S,WC6,AC8
ST13S,WC7,AC8
ST13S,WC7a,AC8
ST13S,WC8,AC12
ST13S,WC9,AC12
ST13S,WD1,AC15
ST13S,WD2,AC8
ST13S,WD3,AC12
ST13S,WD4,AC12
ST13S,WD5,AC15
ST13S,WM1,AC12
ST13S,WM2,AC12
ST13S,WM4,AC12
ST13S,WM5,AC15
ST14,WC1,AC4
ST14,WC10,AC12
ST14,WC10a,AC12
ST14,WC11,AC4
ST14,WC2,AC4
ST14,WC2a,AC4
ST14,WC3,AC4
ST14,WC4,AC4
ST14,WC5,AC8
ST14,WC6,AC8
ST14,WC7,AC8
ST14,WC7a,AC8
ST14,WC8,AC8
ST14,WC9,AC8
ST14,WD1,AC15
ST14,WD2,AC8
ST14,WD3,AC12
ST14,WD4,AC12
ST14,WM1,AC8
ST14,WM2,AC12
ST14,WM3,AC8
ST14,WM3a,AC8
ST14,WM4,AC12
ST14,WM5,AC15
ST14B,WC1,AC4
ST14B,WC10,AC12
ST14B,WC10a,AC12
ST14B,WC11,AC4
ST14B,WC2,AC4
ST14B,WC2a,AC4
ST14B,WC3,AC4
ST14B,WC4,AC4
ST14B,WC5,AC8
ST14B,WC6,AC8
ST14B,WC7,AC8
ST14B,WC7a,AC8
ST14B,WC8,AC8
ST14B,WC9,AC8
ST14B,WD2,AC8
ST14B,WD3,AC12
ST14B,WD4,AC12
ST14B,WM1,AC8
ST14B,WM2,AC12
ST14B,WM3,AC8
ST14B,WM3a,AC8
ST14B,WM4,AC12
ST14S,WC1,AC4
ST14S,WC10,AC12
ST14S,WC10a,AC12
ST14S,WC11,AC4
ST14S,WC2,AC4
ST14S,WC2a,AC4
ST14S,WC3,AC4
ST14S,WC4,AC4
ST14S,WC5,AC8
ST14S,WC6,AC8
ST14S,WC7,AC8
ST14S,WC7a,AC8
ST14S,WC8,AC8
ST14S,WC9,AC8
ST14S,WD2,AC8
ST14S,WD3,AC12
ST14S,WD4,AC12
ST14S,WM1,AC8
ST14S,WM2,AC12
ST14S,WM3,AC8
ST14S,WM3a,AC8
ST14S,WM4,AC12
ST14S,WM5,AC15
ST14SB,WC1,AC4
ST14SB,WC10,AC12
ST14SB,WC10a,AC12
ST14SB,WC11,AC4
ST14SB,WC2,AC4
ST14SB,WC2a,AC4
ST14SB,WC3,AC4
ST14SB,WC4,AC4
ST14SB,WC5,AC8
ST14SB,WC6,AC8
ST14SB,WC7,AC8
ST14SB,WC7a,AC8
ST14SB,WC8,AC8
ST14SB,WC9,AC8
ST14SB,WD2,AC8
ST14SB,WD3,AC12
ST14SB,WD4,AC12
ST14SB,WM1,AC8
ST14SB,WM2,AC12
ST14SB,WM3,AC8
ST14SB,WM3a,AC8
ST14SB,WM4,AC12
ST14U,CA1,AC11
ST14U,IH7,AC11
ST14U,IH8,AC7
ST14U,MW10,AC7
ST14U,MW11,AC7
ST14U,MW12,AC7
ST14U,MW9,AC7
ST14U,SH1,AC11
ST14U,SH3,AC11
ST14U,SH5,AC11
ST14U,SH5a,AC11
ST14U,SH5b,AC11
ST14U,SH8,AC11
ST14U,SP5,AC7
ST14U,SP6,AC7
ST14U,SP7,AC7
ST14UB,CA1,AC11
ST14UB,IH7,AC11
ST14UB,IH8,AC7
ST14UB,MW10,AC7
ST14UB,MW11,AC7
ST14UB,MW12,AC7
ST14UB,MW9,AC7
ST14UB,SH1,AC11
ST14UB,SH3,AC11
ST14UB,SH5,AC11
ST14UB,SH5a,AC11
ST14UB,SH5b,AC11
ST14UB,SH8,AC11
ST14UB,SP5,AC7
ST14UB,SP6,AC7
ST14UB,SP7,AC7
ST14US,CA1,AC11
ST14US,IH7,AC11
ST14US,IH8,AC7
ST14US,MW10,AC7
ST14US,MW11,AC7
ST14US,MW12,AC7
ST14US,MW9,AC7
ST14US,SH1,AC11
ST14US,SH3,AC11
ST14US,SH5,AC11
ST14US,SH5a,AC11
ST14US,SH5b,AC11
ST14US,SH8,AC11
ST14US,SP5,AC7
ST14US,SP6,AC7
ST14US,SP7,AC7
ST14USB,CA1,AC11
ST14USB,IH7,AC11
ST14USB,IH8,AC7
ST14USB,MW10,AC7
ST14USB,MW11,AC7
ST14USB,MW12,AC7
ST14USB,MW9,AC7
ST14USB,SH1,AC11
ST14USB,SH3,AC11
ST14USB,SH5,AC11
ST14USB,SH5a,AC11
ST14USB,SH5b,AC11
ST14USB,SH8,AC11
ST14USB,SP5,AC7
ST14USB,SP6,AC7
ST14USB,SP7,AC7
ST15,CA1,AC9
ST15,IH1,AC5
ST15,IH1a,AC5
ST15,IH2,AC5
ST15,IH2a,AC5
ST15,IH7,AC9
ST15,IH8,AC2
ST15,KA1,AC9
ST15,KA2,AC9
ST15,KA3,AC9
ST15,KA4,AC9
ST15,MW1,AC9
ST15,MW10,AC5
ST15,MW11,AC5
ST15,MW12,AC5
ST15,MW2,AC9
ST15,MW2a,AC9
ST15,MW3,AC9
ST15,MW4,AC9
ST15,MW4a,AC9
ST15,MW5,AC9
ST15,MW6,AC9
ST15,MW7,AC9
ST15,MW8,AC9
ST15,MW9,AC5
ST15,OW1,AC1
ST15,OW2,AC1
ST15,OW3,AC1
ST15,SH1,AC9
ST15,SH2,AC9
ST15,SH3,AC9
ST15,SH4,AC9
ST15,SH5,AC9
ST15,SH5a,AC9
ST15,SH5b,AC9
ST15,SH6,AC9
ST15,SH7,AC9
ST15,SH8,AC9
ST15,SP1,AC5
ST15,SP10,AC5
ST15,SP1a,AC5
ST15,SP2,AC5
ST15,SP2a,AC5
ST15,SP3,AC5
ST15,SP4,AC5
ST15,SP4a,AC5
ST15,SP4b,AC5
ST15,SP5,AC5
ST15,SP6,AC5
ST15,SP7,AC5
ST15,SP8,AC5
ST15,TH1,AC9
ST15,TH1a,AC9
ST15,TH2,AC9
ST15,TH2a,AC9
ST15,TH3,AC9
ST15,TH5,AC9
ST15,TH6,AC9
ST15,TH7,AC9
ST15,TH8,AC9
ST15,TH8a,AC9
ST15,TH9,AC9
ST15B,CA1,AC9
ST15B,IH1,AC5
ST15B,IH1a,AC5
ST15B,IH2,AC5
ST15B,IH2a,AC5
ST15B,IH7,AC9
ST15B,IH8,AC2
ST15B,KA1,AC9
ST15B,KA2,AC9
ST15B,KA3,AC9
ST15B,KA4,AC9
ST15B,MW1,AC9
ST15B,MW10,AC5
ST15B,MW11,AC5
ST15B,MW12,AC5
ST15B,MW2,AC9
ST15B,MW2a,AC9
ST15B,MW3,AC9
ST15B,MW4,AC9
ST15B,MW4a,AC9
ST15B,MW5,AC9
ST15B,MW6,AC9
ST15B,MW7,AC9
ST15B,MW8,AC9
ST15B,MW9,AC5
ST15B,OW1,AC1
ST15B,OW2,AC1
ST15B,OW3,AC1
ST15B,SH4,AC9
ST15B,SH5,AC9
ST15B,SH5a,AC9
ST15B,SH5b,AC9
ST15B,SH6,AC9
ST15B,SH7,AC9
ST15B,SH8,AC9
ST15B,SP1,AC5
ST15B,SP10,AC5
ST15B,SP1a,AC5
ST15B,SP2,AC5
ST15B,SP2a,AC5
ST15B,SP3,AC5
ST15B,SP4,AC5
ST15B,SP4a,AC5
ST15B,SP4b,AC5
ST15B,SP5,AC5
ST15B,SP6,AC5
ST15B,SP7,AC5
ST15B,SP8,AC5
ST15B,TH1,AC9
ST15B,TH1a,AC9
ST15B,TH2,AC9
ST15B,TH2a,AC9
ST15B,TH3,AC9
ST15B,TH5,AC9
ST15B,TH6,AC9
ST15B,TH7,AC9
ST15B,TH8,AC9
ST15B,TH8a,AC9
ST15B,TH9,AC9
ST15C,CA1,AC9
ST15C,IH1,AC5
ST15C,IH1a,AC5
ST15C,IH2,AC5
ST15C,IH2a,AC5
ST15C,IH8,AC1
ST15C,MW10,AC5
ST15C,MW11,AC5
ST15C,MW12,AC5
ST15C,MW9,AC5
ST15C,OW1,AC1
ST15C,OW2,AC1
ST15C,OW3,AC1
ST15C,SH4,AC9
ST15C,SH5,AC9
ST15C,SH5b,AC9
ST15C,SH6,AC9
ST15C,SP1,AC5
ST15C,SP1a,AC5
ST15C,SP2,AC5
ST15C,SP2a,AC5
ST15C,SP3,AC5
ST15C,SP4,AC5
ST15C,SP4a,AC5
ST15C,SP4b,AC5
ST15C,SP5,AC5
ST15C,SP6,AC5
ST15C,SP7,AC5
ST15CB,CA1,AC9
ST15CB,IH1,AC5
ST15CB,IH1a,AC5
ST15CB,IH2,AC5
ST15CB,IH2a,AC5
ST15CB,IH8,AC1
ST15CB,MW10,AC5
ST15CB,MW11,AC5
ST15CB,MW12,AC5
ST15CB,MW9,AC5
ST15CB,OW1,AC1
ST15CB,OW2,AC1
ST15CB,OW3,AC1
ST15CB,SH4,AC9
ST15CB,SH5,AC9
ST15CB,SH5b,AC9
ST15CB,SH6,AC9
ST15CB,SP1,AC5
ST15CB,SP1a,AC5
ST15CB,SP2,AC5
ST15CB,SP2a,AC5
ST15CB,SP3,AC5
ST15CB,SP4,AC5
ST15CB,SP4a,AC5
ST15CB,SP4b,AC5
ST15CB,SP5,AC5
ST15CB,SP6,AC5
ST15CB,SP7,AC5
ST15CS,CA1,AC9
ST15CS,IH1,AC5
ST15CS,IH1a,AC5
ST15CS,IH2,AC5
ST15CS,IH2a,AC5
ST15CS,IH8,AC1
ST15CS,MW10,AC5
ST15CS,MW11,AC5
ST15CS,MW12,AC5
ST15CS,MW9,AC5
ST15CS,OW1,AC1
ST15CS,OW2,AC1
ST15CS,OW3,AC1
ST15CS,SH4,AC9
ST15CS,SH5,AC9
ST15CS,SH5b,AC9
ST15CS,SH6,AC9
ST15CS,SP1,AC5
ST15CS,SP1a,AC5
ST15CS,SP2,AC5
ST15CS,SP2a,AC5
ST15CS,SP3,AC5
ST15CS,SP4,AC5
ST15CS,SP4a,AC5
ST15CS,SP4b,AC5
ST15CS,SP5,AC5
ST15CS,SP6,AC5
ST15CS,SP7,AC5
ST15CSB,CA1,AC9
ST15CSB,IH1,AC5
ST15CSB,IH1a,AC5
ST15CSB,IH2,AC5
ST15CSB,IH2a,AC5
ST15CSB,IH8,AC1
ST15CSB,MW10,AC5
ST15CSB,MW11,AC5
ST15CSB,MW12,AC5
ST15CSB,MW9,AC5
ST15CSB,OW1,AC1
ST15CSB,OW2,AC1
ST15CSB,OW3,AC1
ST15CSB,SH4,AC9
ST15CSB,SH5,AC9
ST15CSB,SH5b,AC9
ST15CSB,SH6,AC9
ST15CSB,SP1,AC5
ST15CSB,SP1a,AC5
ST15CSB,SP2,AC5
ST15CSB,SP2a,AC5
ST15CSB,SP3,AC5
ST15CSB,SP4,AC5
ST15CSB,SP4a,AC5
ST15CSB,SP4b,AC5
ST15CSB,SP5,AC5
ST15CSB,SP6,AC5
ST15CSB,SP7,AC5
ST15L,CA1,AC9
ST15L,IH1,AC5
ST15L,IH1a,AC5
ST15L,IH2,AC5
ST15L,IH2a,AC5
ST15L,IH7,AC9
ST15L,IH8,AC5
ST15L,KA1,AC9
ST15L,KA2,AC9
ST15L,KA3,AC9
ST15L,KA4,AC9
ST15L,MW1,AC9
ST15L,MW10,AC5
ST15L,MW11,AC5
ST15L,MW12,AC5
ST15L,MW2,AC9
ST15L,MW2a,AC9
ST15L,MW3,AC9
ST15L,MW4,AC9
ST15L,MW4a,AC9
ST15L,MW5,AC9
ST15L,MW6,AC9
ST15L,MW7,AC9
ST15L,MW8,AC9
ST15L,MW9,AC5
ST15L,OW1,AC1
ST15L,OW2,AC1
ST15L,OW3,AC1
ST15L,SH1,AC9
ST15L,SH2,AC9
ST15L,SH3,AC9
ST15L,SH4,AC9
ST15L,SH5,AC9
ST15L,SH5a,AC9
ST15L,SH5b,AC9
ST15L,SH6,AC9
ST15L,SH7,AC9
ST15L,SH8,AC9
ST15L,SP1,AC5
ST15L,SP10,AC5
ST15L,SP1a,AC5
ST15L,SP2,AC5
ST15L,SP2a,AC5
ST15L,SP3,AC5
ST15L,SP4,AC5
ST15L,SP4a,AC5
ST15L,SP4b,AC5
ST15L,SP5,AC5
ST15L,SP6,AC5
ST15L,SP7,AC5
ST15L,SP8,AC5
ST15L,TH1,AC9
ST15L,TH1a,AC9
ST15L,TH2,AC9
ST15L,TH2a,AC9
ST15L,TH3,AC9
ST15L,TH5,AC9
ST15L,TH6,AC9
ST15L,TH7,AC9
ST15L,TH8,AC9
ST15L,TH8a,AC9
ST15L,TH9,AC9
ST15LB,CA1,AC9
ST15LB,IH1,AC5
ST15LB,IH1a,AC5
ST15LB,IH2,AC5
ST15LB,IH2a,AC5
ST15LB,IH7,AC9
ST15LB,IH8,AC5
ST15LB,KA1,AC9
ST15LB,KA2,AC9
ST15LB,KA3,AC9
ST15LB,KA4,AC9
ST15LB,MW1,AC9
ST15LB,MW10,AC5
ST15LB,MW11,AC5
ST15LB,MW12,AC5
ST15LB,MW2,AC9
ST15LB,MW2a,AC9
ST15LB,MW3,AC9
ST15LB,MW4,AC9
ST15LB,MW4a,AC9
ST15LB,MW5,AC9
ST15LB,MW6,AC9
ST15LB,MW7,AC9
ST15LB,MW8,AC9
ST15LB,MW9,AC5
ST15LB,OW1,AC1
ST15LB,OW2,AC1
ST15LB,OW3,AC1
ST15LB,SH1,AC9
ST15LB,SH2,AC9
ST15LB,SH3,AC9
ST15LB,SH4,AC9
ST15LB,SH5,AC9
ST15LB,SH5a,AC9
ST15LB,SH5b,AC9
ST15LB,SH6,AC9
ST15LB,SH7,AC9
ST15LB,SH8,AC9
ST15LB,SP1,AC5
ST15LB,SP10,AC5
ST15LB,SP1a,AC5
ST15LB,SP2,AC5
ST15LB,SP2a,AC5
ST15LB,SP3,AC5
ST15LB,SP4,AC5
ST15LB,SP4a,AC5
ST15LB,SP4b,AC5
ST15LB,SP5,AC5
ST15LB,SP6,AC5
ST15LB,SP7,AC5
ST15LB,SP8,AC5
ST15LB,TH1,AC9
ST15LB,TH1a,AC9
ST15LB,TH2,AC9
ST15LB,TH2a,AC9
ST15LB,TH3,AC9
ST15LB,TH5,AC9
ST15LB,TH6,AC9
ST15LB,TH7,AC9
ST15LB,TH8,AC9
ST15LB,TH8a,AC9
ST15LB,TH9,AC9
ST15LS,CA1,AC9
ST15LS,IH1,AC5
ST15LS,IH1a,AC5
ST15LS,IH2,AC5
ST15LS,IH2a,AC5
ST15LS,IH7,AC9
ST15LS,IH8,AC5
ST15LS,KA1,AC9
ST15LS,KA2,AC9
ST15LS,KA3,AC9
ST15LS,KA4,AC9
ST15LS,MW1,AC9
ST15LS,MW10,AC5
ST15LS,MW11,AC5
ST15LS,MW12,AC5
ST15LS,MW2,AC9
ST15LS,MW2a,AC9
ST15LS,MW3,AC9
ST15LS,MW4,AC9
ST15LS,MW4a,AC9
ST15LS,MW5,AC9
ST15LS,MW6,AC9
ST15LS,MW7,AC9
ST15LS,MW8,AC9
ST15LS,MW9,AC5
ST15LS,OW1,AC1
ST15LS,OW2,AC1
ST15LS,OW3,AC1
ST15LS,SH4,AC9
ST15LS,SP1,AC5
ST15LS,SP10,AC5
ST15LS,SP1a,AC5
ST15LS,SP2,AC5
ST15LS,SP2a,AC5
ST15LS,SP3,AC5
ST15LS,SP4,AC5
ST15LS,SP4a,AC5
ST15LS,SP4b,AC5
ST15LS,SP5,AC5
ST15LS,SP6,AC5
ST15LS,SP7,AC5
ST15LS,SP8,AC5
ST15LSB,CA1,AC9
ST15LSB,IH1,AC5
ST15LSB,IH1a,AC5
ST15LSB,IH2,AC5
ST15LSB,IH2a,AC5
ST15LSB,IH7,AC9
ST15LSB,IH8,AC5
ST15LSB,KA1,AC9
ST15LSB,KA2,AC9
ST15LSB,KA3,AC9
ST15LSB,KA4,AC9
ST15LSB,MW1,AC9
ST15LSB,MW10,AC5
ST15LSB,MW11,AC5
ST15LSB,MW12,AC5
ST15LSB,MW2,AC9
ST15LSB,MW2a,AC9
ST15LSB,MW3,AC9
ST15LSB,MW4,AC9
ST15LSB,MW4a,AC9
ST15LSB,MW5,AC9
ST15LSB,MW6,AC9
ST15LSB,MW7,AC9
ST15LSB,MW8,AC9
ST15LSB,MW9,AC5
ST15LSB,OW1,AC1
ST15LSB,OW2,AC1
ST15LSB,OW3,AC1
ST15LSB,SH4,AC9
ST15LSB,SP1,AC5
ST15LSB,SP10,AC5
ST15LSB,SP1a,AC5
ST15LSB,SP2,AC5
ST15LSB,SP2a,AC5
ST15LSB,SP3,AC5
ST15LSB,SP4,AC5
ST15LSB,SP4a,AC5
ST15LSB,SP4b,AC5
ST15LSB,SP5,AC5
ST15LSB,SP6,AC5
ST15LSB,SP7,AC5
ST15LSB,SP8,AC5
ST15S,CA1,AC9
ST15S,IH1,AC5
ST15S,IH1a,AC5
ST15S,IH2,AC5
ST15S,IH2a,AC5
ST15S,IH7,AC9
ST15S,IH8,AC2
ST15S,KA1,AC9
ST15S,KA2,AC9
ST15S,KA3,AC9
ST15S,KA4,AC9
ST15S,MW1,AC9
ST15S,MW10,AC5
ST15S,MW11,AC5
ST15S,MW12,AC5
ST15S,MW2,AC9
ST15S,MW2a,AC9
ST15S,MW3,AC9
ST15S,MW4,AC9
ST15S,MW4a,AC9
ST15S,MW5,AC9
ST15S,MW6,AC9
ST15S,MW7,AC9
ST15S,MW8,AC9
ST15S,MW9,AC5
ST15S,OW1,AC1
ST15S,OW2,AC1
ST15S,OW3,AC1
ST15S,SH4,AC9
ST15S,SP1,AC5
ST15S,SP10,AC5
ST15S,SP1a,AC5
ST15S,SP2,AC5
ST15S,SP2a,AC5
ST15S,SP3,AC5
ST15S,SP4,AC5
ST15S,SP4a,AC5
ST15S,SP4b,AC5
ST15S,SP5,AC5
ST15S,SP6,AC5
ST15S,SP7,AC5
ST15S,SP8,AC5
ST15SB,CA1,AC9
ST15SB,IH1,AC5
ST15SB,IH1a,AC5
ST15SB,IH2,AC5
ST15SB,IH2a,AC5
ST15SB,IH7,AC9
ST15SB,IH8,AC2
ST15SB,KA1,AC9
ST15SB,KA2,AC9
ST15SB,KA3,AC9
ST15SB,KA4,AC9
ST15SB,MW1,AC9
ST15SB,MW10,AC5
ST15SB,MW11,AC5
ST15SB,MW12,AC5
ST15SB,MW2,AC9
ST15SB,MW2a,AC9
ST15SB,MW3,AC9
ST15SB,MW4,AC9
ST15SB,MW4a,AC9
ST15SB,MW5,AC9
ST15SB,MW6,AC9
ST15SB,MW7,AC9
ST15SB,MW8,AC9
ST15SB,MW9,AC5
ST15SB,OW1,AC1
ST15SB,OW2,AC1
ST15SB,OW3,AC1
ST15SB,SH4,AC9
ST15SB,SH5,AC9
ST15SB,SH5b,AC9
ST15SB,SH6,AC9
ST15SB,SP1,AC5
ST15SB,SP10,AC5
ST15SB,SP1a,AC5
ST15SB,SP2,AC5
ST15SB,SP2a,AC5
ST15SB,SP3,AC5
ST15SB,SP4,AC5
ST15SB,SP4a,AC5
ST15SB,SP4b,AC5
ST15SB,SP5,AC5
ST15SB,SP6,AC5
ST15SB,SP7,AC5
ST15SB,SP8,AC5
ST16,CA1,AC10
ST16,IH1,AC6
ST16,IH1a,AC6
ST16,IH2,AC6
ST16,IH2a,AC6
ST16,IH7,AC10
ST16,IH8,AC3
ST16,KA1,AC10
ST16,KA2,AC10
ST16,KA3,AC10
ST16,KA4,AC10
ST16,MW1,AC10
ST16,MW10,AC6
ST16,MW11,AC6
ST16,MW12,AC6
ST16,MW2,AC10
ST16,MW2a,AC10
ST16,MW3,AC10
ST16,MW4,AC10
ST16,MW4a,AC10
ST16,MW5,AC10
ST16,MW6,AC10
ST16,MW7,AC10
ST16,MW8,AC10
ST16,MW9,AC6
ST16,OW1,AC2
ST16,OW2,AC2
ST16,OW3,AC2
ST16,SH1,AC10
ST16,SH2,AC10
ST16,SH3,AC10
ST16,SH4,AC10
ST16,SH5,AC10
ST16,SH5a,AC10
ST16,SH5b,AC10
ST16,SH6,AC10
ST16,SH7,AC10
ST16,SH8,AC10
ST16,SP1,AC6
ST16,SP10,AC6
ST16,SP1a,AC6
ST16,SP2,AC6
ST16,SP2a,AC6
ST16,SP3,AC6
ST16,SP4,AC6
ST16,SP4a,AC6
ST16,SP4b,AC6
ST16,SP5,AC6
ST16,SP6,AC6
ST16,SP7,AC6
ST16,SP8,AC6
ST16,SP9,AC6
ST16,TH1,AC10
ST16,TH1a,AC10
ST16,TH2,AC10
ST16,TH2a,AC10
ST16,TH3,AC10
ST16,TH6,AC10
ST16,TH7,AC10
ST16,TH8,AC10
ST16,TH8a,AC10
ST16,TH9,AC10
ST16B,CA1,AC10
ST16B,IH1,AC6
ST16B,IH1a,AC6
ST16B,IH2,AC6
ST16B,IH2a,AC6
ST16B,IH7,AC10
ST16B,IH8,AC3
ST16B,KA1,AC10
ST16B,KA2,AC10
ST16B,KA3,AC10
ST16B,KA4,AC10
ST16B,MW1,AC10
ST16B,MW10,AC6
ST16B,MW11,AC6
ST16B,MW12,AC6
ST16B,MW2,AC10
ST16B,MW2a,AC10
ST16B,MW3,AC10
ST16B,MW4,AC10
ST16B,MW4a,AC10
ST16B,MW5,AC10
ST16B,MW6,AC10
ST16B,MW7,AC10
ST16B,MW8,AC10
ST16B,MW9,AC6
ST16B,OW1,AC2
ST16B,OW2,AC2
ST16B,OW3,AC2
ST16B,SH1,AC10
ST16B,SH2,AC10
ST16B,SH3,AC10
ST16B,SH4,AC10
ST16B,SH5,AC10
ST16B,SH5a,AC10
ST16B,SH5b,AC10
ST16B,SH6,AC10
ST16B,SH7,AC10
ST16B,SH8,AC10
ST16B,SP1,AC6
ST16B,SP10,AC6
ST16B,SP1a,AC6
ST16B,SP2,AC6
ST16B,SP2a,AC6
ST16B,SP3,AC6
ST16B,SP4,AC6
ST16B,SP4a,AC6
ST16B,SP4b,AC6
ST16B,SP5,AC6
ST16B,SP6,AC6
ST16B,SP7,AC6
ST16B,SP8,AC6
ST16B,SP9,AC6
ST16B,TH1,AC10
ST16B,TH1a,AC10
ST16B,TH2,AC10
ST16B,TH2a,AC10
ST16B,TH3,AC10
ST16B,TH6,AC10
ST16B,TH7,AC10
ST16B,TH8,AC10
ST16B,TH8a,AC10
ST16B,TH9,AC10
ST16C,CA1,AC10
ST16C,IH1,AC6
ST16C,IH1a,AC6
ST16C,IH2,AC6
ST16C,IH2a,AC6
ST16C,IH8,AC3
ST16C,MW10,AC6
ST16C,MW11,AC6
ST16C,MW12,AC6
ST16C,MW9,AC6
ST16C,OW1,AC2
ST16C,OW2,AC2
ST16C,OW3,AC2
ST16C,SH4,AC10
ST16C,SH5,AC10
ST16C,SH5b,AC10
ST16C,SH6,AC10
ST16C,SP1,AC6
ST16C,SP1a,AC6
ST16C,SP2,AC6
ST16C,SP2a,AC6
ST16C,SP3,AC6
ST16C,SP4,AC6
ST16C,SP4a,AC6
ST16C,SP4b,AC6
ST16C,SP5,AC6
ST16C,SP6,AC6
ST16C,SP7,AC6
ST16C,SP9,AC6
ST16CB,CA1,AC10
ST16CB,IH1,AC6
ST16CB,IH1a,AC6
ST16CB,IH2,AC6
ST16CB,IH2a,AC6
ST16CB,IH8,AC3
ST16CB,MW10,AC6
ST16CB,MW11,AC6
ST16CB,MW12,AC6
ST16CB,MW9,AC6
ST16CB,OW1,AC2
ST16CB,OW2,AC2
ST16CB,OW3,AC2
ST16CB,SH4,AC10
ST16CB,SH5,AC10
ST16CB,SH5b,AC10
ST16CB,SH6,AC10
ST16CB,SP1,AC6
ST16CB,SP1a,AC6
ST16CB,SP2,AC6
ST16CB,SP2a,AC6
ST16CB,SP3,AC6
ST16CB,SP4,AC6
ST16CB,SP4a,AC6
ST16CB,SP4b,AC6
ST16CB,SP5,AC6
ST16CB,SP6,AC6
ST16CB,SP7,AC6
ST16CB,SP9,AC6
ST16CS,CA1,AC10
ST16CS,IH1,AC6
ST16CS,IH1a,AC6
ST16CS,IH2,AC6
ST16CS,IH2a,AC6
ST16CS,IH8,AC3
ST16CS,MW10,AC6
ST16CS,MW11,AC6
ST16CS,MW12,AC6
ST16CS,MW9,AC6
ST16CS,OW1,AC2
ST16CS,OW2,AC2
ST16CS,OW3,AC2
ST16CS,SH4,AC10
ST16CS,SH5,AC10
ST16CS,SH5b,AC10
ST16CS,SH6,AC10
ST16CS,SP1,AC6
ST16CS,SP1a,AC6
ST16CS,SP2,AC6
ST16CS,SP2a,AC6
ST16CS,SP3,AC6
ST16CS,SP4,AC6
ST16CS,SP4a,AC6
ST16CS,SP4b,AC6
ST16CS,SP5,AC6
ST16CS,SP6,AC6
ST16CS,SP7,AC6
ST16CS,SP9,AC6
ST16CSB,CA1,AC10
ST16CSB,IH1,AC6
ST16CSB,IH1a,AC6
ST16CSB,IH2,AC6
ST16CSB,IH2a,AC6
ST16CSB,IH8,AC3
ST16CSB,MW10,AC6
ST16CSB,MW11,AC6
ST16CSB,MW12,AC6
ST16CSB,MW9,AC6
ST16CSB,OW1,AC2
ST16CSB,OW2,AC2
ST16CSB,OW3,AC2
ST16CSB,SH4,AC10
ST16CSB,SH5,AC10
ST16CSB,SH5b,AC10
ST16CSB,SH6,AC10
ST16CSB,SP1,AC6
ST16CSB,SP1a,AC6
ST16CSB,SP2,AC6
ST16CSB,SP2a,AC6
ST16CSB,SP3,AC6
ST16CSB,SP4,AC6
ST16CSB,SP4a,AC6
ST16CSB,SP4b,AC6
ST16CSB,SP5,AC6
ST16CSB,SP6,AC6
ST16CSB,SP7,AC6
ST16CSB,SP9,AC6
ST16L,CA1,AC10
ST16L,IH1,AC6
ST16L,IH1a,AC6
ST16L,IH2,AC6
ST16L,IH2a,AC6
ST16L,IH7,AC10
ST16L,IH8,AC6
ST16L,KA1,AC10
ST16L,KA2,AC10
ST16L,KA3,AC10
ST16L,KA4,AC10
ST16L,MW1,AC10
ST16L,MW10,AC6
ST16L,MW11,AC6
ST16L,MW12,AC6
ST16L,MW2,AC10
ST16L,MW2a,AC10
ST16L,MW3,AC10
ST16L,MW4,AC10
ST16L,MW4a,AC10
ST16L,MW5,AC10
ST16L,MW6,AC10
ST16L,MW7,AC10
ST16L,MW8,AC10
ST16L,MW9,AC6
ST16L,OW1,AC2
ST16L,OW2,AC2
ST16L,OW3,AC2
ST16L,SH1,AC10
ST16L,SH2,AC10
ST16L,SH3,AC10
ST16L,SH4,AC10
ST16L,SH5,AC10
ST16L,SH5a,AC10
ST16L,SH5b,AC10
ST16L,SH6,AC10
ST16L,SH7,AC10
ST16L,SH8,AC10
ST16L,SP1,AC6
ST16L,SP10,AC6
ST16L,SP1a,AC6
ST16L,SP2,AC6
ST16L,SP2a,AC6
ST16L,SP3,AC6
ST16L,SP4,AC6
ST16L,SP4a,AC6
ST16L,SP4b,AC6
ST16L,SP5,AC6
ST16L,SP6,AC6
ST16L,SP7,AC6
ST16L,SP8,AC6
ST16L,SP9,AC6
ST16L,TH1,AC10
ST16L,TH1a,AC10
ST16L,TH2,AC10
ST16L,TH2a,AC10
ST16L,TH3,AC10
ST16L,TH6,AC10
ST16L,TH7,AC10
ST16L,TH8,AC10
ST16L,TH8a,AC10
ST16L,TH9,AC10
ST16LB,CA1,AC10
ST16LB,IH1,AC6
ST16LB,IH1a,AC6
ST16LB,IH2,AC6
ST16LB,IH2a,AC6
ST16LB,IH7,AC10
ST16LB,IH8,AC6
ST16LB,KA1,AC10
ST16LB,KA2,AC10
ST16LB,KA3,AC10
ST16LB,KA4,AC10
ST16LB,MW1,AC10
ST16LB,MW10,AC6
ST16LB,MW11,AC6
ST16LB,MW12,AC6
ST16LB,MW2,AC10
ST16LB,MW2a,AC10
ST16LB,MW3,AC10
ST16LB,MW4,AC10
ST16LB,MW4a,AC10
ST16LB,MW5,AC10
ST16LB,MW6,AC10
ST16LB,MW7,AC10
ST16LB,MW8,AC10
ST16LB,MW9,AC6
ST16LB,OW1,AC2
ST16LB,OW2,AC2
ST16LB,OW3,AC2
ST16LB,SH1,AC10
ST16LB,SH2,AC10
ST16LB,SH3,AC10
ST16LB,SH4,AC10
ST16LB,SH5,AC10
ST16LB,SH5a,AC10
ST16LB,SH5b,AC10
ST16LB,SH6,AC10
ST16LB,SH7,AC10
ST16LB,SH8,AC10
ST16LB,SP1,AC6
ST16LB,SP10,AC6
ST16LB,SP1a,AC6
ST16LB,SP2,AC6
ST16LB,SP2a,AC6
ST16LB,SP3,AC6
ST16LB,SP4,AC6
ST16LB,SP4a,AC6
ST16LB,SP4b,AC6
ST16LB,SP5,AC6
ST16LB,SP6,AC6
ST16LB,SP7,AC6
ST16LB,SP8,AC6
ST16LB,SP9,AC6
ST16LB,TH1,AC10
ST16LB,TH1a,AC10
ST16LB,TH2,AC10
ST16LB,TH2a,AC10
ST16LB,TH3,AC10
ST16LB,TH6,AC10
ST16LB,TH7,AC10
ST16LB,TH8,AC10
ST16LB,TH8a,AC10
ST16LB,TH9,AC10
ST16LS,CA1,AC10
ST16LS,IH1,AC6
ST16LS,IH1a,AC6
ST16LS,IH2,AC6
ST16LS,IH2a,AC6
ST16LS,IH7,AC10
ST16LS,IH8,AC6
ST16LS,KA1,AC10
ST16LS,KA2,AC10
ST16LS,KA3,AC10
ST16LS,KA4,AC10
ST16LS,MW1,AC10
ST16LS,MW10,AC6
ST16LS,MW11,AC6
ST16LS,MW12,AC6
ST16LS,MW2,AC10
ST16LS,MW2a,AC10
ST16LS,MW3,AC10
ST16LS,MW4,AC10
ST16LS,MW4a,AC10
ST16LS,MW5,AC10
ST16LS,MW6,AC10
ST16LS,MW7,AC10
ST16LS,MW8,AC10
ST16LS,MW9,AC6
ST16LS,OW1,AC2
ST16LS,OW2,AC2
ST16LS,OW3,AC2
ST16LS,SH4,AC10
ST16LS,SP1,AC6
ST16LS,SP10,AC6
ST16LS,SP1a,AC6
ST16LS,SP2,AC6
ST16LS,SP2a,AC6
ST16LS,SP3,AC6
ST16LS,SP4,AC6
ST16LS,SP4a,AC6
ST16LS,SP4b,AC6
ST16LS,SP5,AC6
ST16LS,SP6,AC6
ST16LS,SP7,AC6
ST16LS,SP8,AC6
ST16LS,SP9,AC6
ST16LSB,CA1,AC10
ST16LSB,IH1,AC6
ST16LSB,IH1a,AC6
ST16LSB,IH2,AC6
ST16LSB,IH2a,AC6
ST16LSB,IH7,AC10
ST16LSB,IH8,AC6
ST16LSB,KA1,AC10
ST16LSB,KA2,AC10
ST16LSB,KA3,AC10
ST16LSB,KA4,AC10
ST16LSB,MW1,AC10
ST16LSB,MW10,AC6
ST16LSB,MW11,AC6
ST16LSB,MW12,AC6
ST16LSB,MW2,AC10
ST16LSB,MW2a,AC10
ST16LSB,MW3,AC10
ST16LSB,MW4,AC10
ST16LSB,MW4a,AC10
ST16LSB,MW5,AC10
ST16LSB,MW6,AC10
ST16LSB,MW7,AC10
ST16LSB,MW8,AC10
ST16LSB,MW9,AC6
ST16LSB,OW1,AC2
ST16LSB,OW2,AC2
ST16LSB,OW3,AC2
ST16LSB,SH4,AC10
ST16LSB,SP1,AC6
ST16LSB,SP10,AC6
ST16LSB,SP1a,AC6
ST16LSB,SP2,AC6
ST16LSB,SP2a,AC6
ST16LSB,SP3,AC6
ST16LSB,SP4,AC6
ST16LSB,SP4a,AC6
ST16LSB,SP4b,AC6
ST16LSB,SP5,AC6
ST16LSB,SP6,AC6
ST16LSB,SP7,AC6
ST16LSB,SP8,AC6
ST16LSB,SP9,AC6
ST16S,CA1,AC10
ST16S,IH1,AC6
ST16S,IH1a,AC6
ST16S,IH2,AC6
ST16S,IH2a,AC6
ST16S,IH7,AC10
ST16S,IH8,AC3
ST16S,KA1,AC10
ST16S,KA2,AC10
ST16S,KA3,AC10
ST16S,KA4,AC10
ST16S,MW1,AC10
ST16S,MW10,AC6
ST16S,MW11,AC6
ST16S,MW12,AC6
ST16S,MW2,AC10
ST16S,MW2a,AC10
ST16S,MW3,AC10
ST16S,MW4,AC10
ST16S,MW4a,AC10
ST16S,MW5,AC10
ST16S,MW6,AC10
ST16S,MW7,AC10
ST16S,MW8,AC10
ST16S,MW9,AC6
ST16S,OW1,AC2
ST16S,OW2,AC2
ST16S,OW3,AC2
ST16S,SH4,AC10
ST16S,SP1,AC6
ST16S,SP10,AC6
ST16S,SP1a,AC6
ST16S,SP2,AC6
ST16S,SP2a,AC6
ST16S,SP3,AC6
ST16S,SP4,AC6
ST16S,SP4a,AC6
ST16S,SP4b,AC6
ST16S,SP5,AC6
ST16S,SP6,AC6
ST16S,SP7,AC6
ST16S,SP8,AC6
ST16S,SP9,AC6
ST16SB,CA1,AC10
ST16SB,IH1,AC6
ST16SB,IH1a,AC6
ST16SB,IH2,AC6
ST16SB,IH2a,AC6
ST16SB,IH7,AC10
ST16SB,IH8,AC3
ST16SB,KA1,AC10
ST16SB,KA2,AC10
ST16SB,KA3,AC10
ST16SB,KA4,AC10
ST16SB,MW1,AC10
ST16SB,MW10,AC6
ST16SB,MW11,AC6
ST16SB,MW12,AC6
ST16SB,MW2,AC10
ST16SB,MW2a,AC10
ST16SB,MW3,AC10
ST16SB,MW4,AC10
ST16SB,MW4a,AC10
ST16SB,MW5,AC10
ST16SB,MW6,AC10
ST16SB,MW7,AC10
ST16SB,MW8,AC10
ST16SB,MW9,AC6
ST16SB,OW1,AC2
ST16SB,OW2,AC2
ST16SB,OW3,AC2
ST16SB,SH4,AC10
ST16SB,SH5,AC10
ST16SB,SH5b,AC10
ST16SB,SH6,AC10
ST16SB,SP1,AC6
ST16SB,SP10,AC6
ST16SB,SP1a,AC6
ST16SB,SP2,AC6
ST16SB,SP2a,AC6
ST16SB,SP3,AC6
ST16SB,SP4,AC6
ST16SB,SP4a,AC6
ST16SB,SP4b,AC6
ST16SB,SP5,AC6
ST16SB,SP6,AC6
ST16SB,SP7,AC6
ST16SB,SP8,AC6
ST16SB,SP9,AC6
ST17,CA1,AC9
ST17,KA1,AC9
ST17,KA2,AC9
ST17,KA3,AC9
ST17,KA4,AC9
ST17,MW1,AC9
ST17,MW2,AC9
ST17,MW2a,AC9
ST17,MW3,AC9
ST17,MW4,AC9
ST17,MW4a,AC9
ST17,MW5,AC9
ST17,MW6,AC9
ST17,MW7,AC9
ST17,MW8,AC9
ST17,OW5,AC13
ST17,SH5,AC9
ST17,SH5a,AC9
ST17,SH5b,AC9
ST17,SH6,AC9
ST17,SH7,AC9
ST17,SH8,AC9
ST17,TH1,AC9
ST17,TH1a,AC9
ST17,TH2,AC9
ST17,TH2a,AC9
ST17,TH3,AC9
ST17,TH5,AC9
ST17,TH6,AC9
ST17,TH7,AC9
ST17,TH8,AC9
ST17,TH8a,AC9
ST17,TH9,AC9
ST17S,CA1,AC9
ST17S,KA1,AC9
ST17S,KA2,AC9
ST17S,KA3,AC9
ST17S,KA4,AC9
ST17S,MW1,AC9
ST17S,MW2,AC9
ST17S,MW2a,AC9
ST17S,MW3,AC9
ST17S,MW4,AC9
ST17S,MW4a,AC9
ST17S,MW5,AC9
ST17S,MW6,AC9
ST17S,MW7,AC9
ST17S,MW8,AC9
ST17S,OW5,AC13
ST17S,SH5,AC9
ST17S,SH5a,AC9
ST17S,SH5b,AC9
ST17S,SH6,AC9
ST17S,SH7,AC9
ST17S,SH8,AC9
ST17S,TH1,AC9
ST17S,TH1a,AC9
ST17S,TH2,AC9
ST17S,TH2a,AC9
ST17S,TH3,AC9
ST17S,TH5,AC9
ST17S,TH6,AC9
ST17S,TH7,AC9
ST17S,TH8,AC9
ST17S,TH8a,AC9
ST17S,TH9,AC9
ST18,CA1,AC10
ST18,KA1,AC10
ST18,KA2,AC10
ST18,KA3,AC10
ST18,KA4,AC10
ST18,MW1,AC10
ST18,MW2,AC10
ST18,MW2a,AC10
ST18,MW3,AC10
ST18,MW4,AC10
ST18,MW4a,AC10
ST18,MW5,AC10
ST18,MW6,AC10
ST18,MW7,AC10
ST18,MW8,AC10
ST18,OW5,AC14
ST18,SH5,AC10
ST18,SH5a,AC10
ST18,SH5b,AC10
ST18,SH6,AC10
ST18,SH7,AC10
ST18,SH8,AC10
ST18,TH1,AC10
ST18,TH1a,AC10
ST18,TH2,AC10
ST18,TH2a,AC10
ST18,TH3,AC10
ST18,TH6,AC10
ST18,TH7,AC10
ST18,TH8,AC10
ST18,TH8a,AC10
ST18,TH9,AC10
ST18S,CA1,AC10
ST18S,KA1,AC10
ST18S,KA2,AC10
ST18S,KA3,AC10
ST18S,KA4,AC10
ST18S,MW1,AC10
ST18S,MW2,AC10
ST18S,MW2a,AC10
ST18S,MW3,AC10
ST18S,MW4,AC10
ST18S,MW4a,AC10
ST18S,MW5,AC10
ST18S,MW6,AC10
ST18S,MW7,AC10
ST18S,MW8,AC10
ST18S,OW5,AC14
ST18S,SH5,AC10
ST18S,SH5a,AC10
ST18S,SH5b,AC10
ST18S,SH6,AC10
ST18S,SH7,AC10
ST18S,SH8,AC10
ST18S,TH1,AC10
ST18S,TH1a,AC10
ST18S,TH2,AC10
ST18S,TH2a,AC10
ST18S,TH3,AC10
ST18S,TH6,AC10
ST18S,TH7,AC10
ST18S,TH8,AC10
ST18S,TH8a,AC10
ST18S,TH9,AC10
ST1B,CA2,AC5
ST1B,IH1,AC5
ST1B,IH1a,AC5
ST1B,IH2,AC5
ST1B,IH2a,AC5
ST1B,IH4,AC9
ST1B,IH4a,AC9
ST1B,IH6,AC9
ST1B,IH6a,AC9
ST1B,IH6b,AC9
ST1B,IH7,AC9
ST1B,IH8,AC5
ST1B,MW10,AC5
ST1B,MW11,AC5
ST1B,MW12,AC5
ST1B,MW9,AC5
ST1B,OW1,AC1
ST1B,OW2,AC1
ST1B,OW3,AC1
ST1B,SH1,AC9
ST1B,SH2,AC9
ST1B,SH3,AC9
ST1B,SH4,AC9
ST1B,SH5,AC9
ST1B,SH5b,AC9
ST1B,SH6,AC9
ST1B,SH7,AC9
ST1B,SH8,AC9
ST1B,SP1,AC5
ST1B,SP10,AC5
ST1B,SP1a,AC5
ST1B,SP2,AC5
ST1B,SP2a,AC5
ST1B,SP3,AC5
ST1B,SP4,AC5
ST1B,SP4a,AC5
ST1B,SP4b,AC5
ST1B,SP5,AC5
ST1B,SP6,AC5
ST1B,SP7,AC5
ST1B,SP8,AC5
ST1B,TH1,AC9
ST1B,TH1a,AC9
ST1B,TH5,AC9
ST1B,TH6,AC9
ST1B,TH7,AC9
ST1B,TH8,AC9
ST1B,TH8a,AC9
ST1B,TH9,AC9
ST1S,CA2,AC5
ST1S,IH1,AC5
ST1S,IH1a,AC5
ST1S,IH2,AC5
ST1S,IH2a,AC5
ST1S,IH4,AC9
ST1S,IH4a,AC9
ST1S,IH6,AC9
ST1S,IH6a,AC9
ST1S,IH6b,AC9
ST1S,IH7,AC9
ST1S,IH8,AC5
ST1S,MW10,AC5
ST1S,MW11,AC5
ST1S,MW12,AC5
ST1S,MW9,AC5
ST1S,OW1,AC1
ST1S,OW2,AC1
ST1S,OW3,AC1
ST1S,SH1,AC9
ST1S,SH2,AC9
ST1S,SH3,AC9
ST1S,SH4,AC9
ST1S,SH5,AC9
ST1S,SH5b,AC9
ST1S,SH6,AC9
ST1S,SH7,AC9
ST1S,SH8,AC9
ST1S,SP1,AC5
ST1S,SP10,AC5
ST1S,SP1a,AC5
ST1S,SP2,AC5
ST1S,SP2a,AC5
ST1S,SP3,AC5
ST1S,SP4,AC5
ST1S,SP4a,AC5
ST1S,SP4b,AC5
ST1S,SP5,AC5
ST1S,SP6,AC5
ST1S,SP7,AC5
ST1S,SP8,AC5
ST1S,TH1,AC9
ST1S,TH1a,AC9
ST1S,TH5,AC9
ST1S,TH6,AC9
ST1S,TH7,AC9
ST1S,TH8,AC9
ST1S,TH8a,AC9
ST1S,TH9,AC9
ST1SB,CA2,AC5
ST1SB,IH1,AC5
ST1SB,IH1a,AC5
ST1SB,IH2,AC5
ST1SB,IH2a,AC5
ST1SB,IH4,AC9
ST1SB,IH4a,AC9
ST1SB,IH6,AC9
ST1SB,IH6a,AC9
ST1SB,IH6b,AC9
ST1SB,IH7,AC9
ST1SB,IH8,AC5
ST1SB,MW10,AC5
ST1SB,MW11,AC5
ST1SB,MW12,AC5
ST1SB,MW9,AC5
ST1SB,OW1,AC1
ST1SB,OW2,AC1
ST1SB,OW3,AC1
ST1SB,SH1,AC9
ST1SB,SH2,AC9
ST1SB,SH3,AC9
ST1SB,SH4,AC9
ST1SB,SH5,AC9
ST1SB,SH5b,AC9
ST1SB,SH6,AC9
ST1SB,SH7,AC9
ST1SB,SH8,AC9
ST1SB,SP1,AC5
ST1SB,SP10,AC5
ST1SB,SP1a,AC5
ST1SB,SP2,AC5
ST1SB,SP2a,AC5
ST1SB,SP3,AC5
ST1SB,SP4,AC5
ST1SB,SP4a,AC5
ST1SB,SP4b,AC5
ST1SB,SP5,AC5
ST1SB,SP6,AC5
ST1SB,SP7,AC5
ST1SB,SP8,AC5
ST1SB,TH1,AC9
ST1SB,TH1a,AC9
ST1SB,TH5,AC9
ST1SB,TH6,AC9
ST1SB,TH7,AC9
ST1SB,TH8,AC9
ST1SB,TH8a,AC9
ST1SB,TH9,AC9
ST2,CA1,AC10
ST2,CA2,AC6
ST2,IH1,AC6
ST2,IH1a,AC6
ST2,IH2,AC6
ST2,IH2a,AC6
ST2,IH3,AC10
ST2,IH4,AC10
ST2,IH4a,AC10
ST2,IH5,AC10
ST2,IH6,AC10
ST2,IH6a,AC10
ST2,IH6b,AC10
ST2,IH7,AC10
ST2,IH8,AC6
ST2,IH9,AC10
ST2,KA1,AC10
ST2,KA2,AC10
ST2,KA3,AC10
ST2,KA4,AC10
ST2,MW1,AC10
ST2,MW10,AC6
ST2,MW11,AC6
ST2,MW12,AC6
ST2,MW2,AC10
ST2,MW2a,AC10
ST2,MW3,AC10
ST2,MW4,AC10
ST2,MW4a,AC10
ST2,MW5,AC10
ST2,MW6,AC10
ST2,MW7,AC10
ST2,MW8,AC10
ST2,MW9,AC6
ST2,OF1,AC10
ST2,OF3,AC10
ST2,OF4,AC10
ST2,OF5,AC10
ST2,OF7,AC10
ST2,OF8,AC10
ST2,OF9,AC10
ST2,OW1,AC2
ST2,OW2,AC2
ST2,OW3,AC2
ST2,OW4,AC10
ST2,SH1,AC10
ST2,SH2,AC10
ST2,SH3,AC10
ST2,SH4,AC10
ST2,SH5,AC10
ST2,SH5a,AC10
ST2,SH5b,AC10
ST2,SH6,AC10
ST2,SH7,AC10
ST2,SH8,AC10
ST2,SP1,AC6
ST2,SP10,AC6
ST2,SP1a,AC6
ST2,SP2,AC6
ST2,SP2a,AC6
ST2,SP3,AC6
ST2,SP4,AC6
ST2,SP4a,AC6
ST2,SP4b,AC6
ST2,SP5,AC6
ST2,SP6,AC6
ST2,SP7,AC6
ST2,SP8,AC6
ST2,SP9,AC6
ST2,TH1,AC13
ST2,TH1a,AC13
ST2,TH2,AC13
ST2,TH2a,AC13
ST2,TH3,AC13
ST2,TH5,AC13
ST2,TH6,AC13
ST2,TH7,AC13
ST2,TH8,AC13
ST2,TH8a,AC13
ST2,TH9,AC13
ST2B,CA1,AC10
ST2B,IH1,AC6
ST2B,IH1a,AC6
ST2B,IH2,AC6
ST2B,IH2a,AC6
ST2B,IH3,AC10
ST2B,IH4,AC10
ST2B,IH4a,AC10
ST2B,IH5,AC10
ST2B,IH6,AC10
ST2B,IH6a,AC10
ST2B,IH6b,AC10
ST2B,IH7,AC10
ST2B,IH8,AC6
ST2B,IH9,AC10
ST2B,KA1,AC10
ST2B,KA2,AC10
ST2B,KA3,AC10
ST2B,KA4,AC10
ST2B,MW1,AC10
ST2B,MW10,AC6
ST2B,MW11,AC6
ST2B,MW12,AC6
ST2B,MW2,AC10
ST2B,MW2a,AC10
ST2B,MW3,AC10
ST2B,MW4,AC10
ST2B,MW4a,AC10
ST2B,MW5,AC10
ST2B,MW6,AC10
ST2B,MW7,AC10
ST2B,MW8,AC10
ST2B,MW9,AC6
ST2B,OW1,AC2
ST2B,OW2,AC2
ST2B,OW3,AC2
ST2B,OW4,AC10
ST2B,SH1,AC10
ST2B,SH2,AC10
ST2B,SH3,AC10
ST2B,SH4,AC10
ST2B,SH5,AC10
ST2B,SH5a,AC10
ST2B,SH5b,AC10
ST2B,SH6,AC10
ST2B,SH7,AC10
ST2B,SH8,AC10
ST2B,SP1,AC6
ST2B,SP10,AC6
ST2B,SP1a,AC6
ST2B,SP2,AC6
ST2B,SP2a,AC6
ST2B,SP3,AC6
ST2B,SP4,AC6
ST2B,SP4a,AC6
ST2B,SP4b,AC6
ST2B,SP5,AC6
ST2B,SP6,AC6
ST2B,SP7,AC6
ST2B,SP8,AC6
ST2B,SP9,AC6
ST2B,TH1,AC13
ST2B,TH1a,AC13
ST2B,TH2,AC13
ST2B,TH2a,AC13
ST2B,TH3,AC13
ST2B,TH5,AC13
ST2B,TH6,AC13
ST2B,TH7,AC13
ST2B,TH8,AC13
ST2B,TH8a,AC13
ST2B,TH9,AC13
ST2C,CA1,AC10
ST2C,CA2,AC6
ST2C,IH1,AC6
ST2C,IH1a,AC6
ST2C,IH2,AC6
ST2C,IH2a,AC6
ST2C,IH4,AC10
ST2C,IH4a,AC10
ST2C,IH6,AC10
ST2C,IH6a,AC10
ST2C,IH6b,AC10
ST2C,IH7,AC10
ST2C,IH8,AC6
ST2C,MW1,AC10
ST2C,MW10,AC6
ST2C,MW11,AC6
ST2C,MW12,AC6
ST2C,MW2,AC10
ST2C,MW2a,AC10
ST2C,MW3,AC10
ST2C,MW4,AC10
ST2C,MW4a,AC10
ST2C,MW5,AC10
ST2C,MW6,AC10
ST2C,MW7,AC10
ST2C,MW8,AC10
ST2C,MW9,AC6
ST2C,OW1,AC2
ST2C,OW2,AC2
ST2C,OW3,AC2
ST2C,SH1,AC10
ST2C,SH2,AC10
ST2C,SH3,AC10
ST2C,SH4,AC10
ST2C,SH5,AC10
ST2C,SH5b,AC10
ST2C,SH6,AC10
ST2C,SH7,AC10
ST2C,SH8,AC10
ST2C,SP1,AC6
ST2C,SP10,AC6
ST2C,SP1a,AC6
ST2C,SP2,AC6
ST2C,SP2a,AC6
ST2C,SP3,AC6
ST2C,SP4,AC6
ST2C,SP4a,AC6
ST2C,SP4b,AC6
ST2C,SP5,AC6
ST2C,SP6,AC6
ST2C,SP7,AC6
ST2C,SP8,AC6
ST2C,SP9,AC6
ST2C,TH1,AC10
ST2C,TH1a,AC10
ST2C,TH2,AC10
ST2C,TH2a,AC10
ST2C,TH5,AC10
ST2C,TH6,AC10
ST2C,TH7,AC10
ST2C,TH8,AC10
ST2C,TH8a,AC10
ST2C,TH9,AC10
ST2CB,CA1,AC10
ST2CB,CA2,AC6
ST2CB,IH1,AC6
ST2CB,IH1a,AC6
ST2CB,IH2,AC6
ST2CB,IH2a,AC6
ST2CB,IH4,AC10
ST2CB,IH4a,AC10
ST2CB,IH6,AC10
ST2CB,IH6a,AC10
ST2CB,IH6b,AC10
ST2CB,IH7,AC10
ST2CB,IH8,AC6
ST2CB,MW1,AC10
ST2CB,MW10,AC6
ST2CB,MW11,AC6
ST2CB,MW12,AC6
ST2CB,MW2,AC10
ST2CB,MW2a,AC10
ST2CB,MW3,AC10
ST2CB,MW4,AC10
ST2CB,MW4a,AC10
ST2CB,MW5,AC10
ST2CB,MW6,AC10
ST2CB,MW7,AC10
ST2CB,MW8,AC10
ST2CB,MW9,AC6
ST2CB,OW1,AC2
ST2CB,OW2,AC2
ST2CB,OW3,AC2
ST2CB,SH1,AC10
ST2CB,SH2,AC10
ST2CB,SH3,AC10
ST2CB,SH4,AC10
ST2CB,SH5,AC10
ST2CB,SH5b,AC10
ST2CB,SH6,AC10
ST2CB,SH7,AC10
ST2CB,SH8,AC10
ST2CB,SP1,AC6
ST2CB,SP10,AC6
ST2CB,SP1a,AC6
ST2CB,SP2,AC6
ST2CB,SP2a,AC6
ST2CB,SP3,AC6
ST2CB,SP4,AC6
ST2CB,SP4a,AC6
ST2CB,SP4b,AC6
ST2CB,SP5,AC6
ST2CB,SP6,AC6
ST2CB,SP7,AC6
ST2CB,SP8,AC6
ST2CB,SP9,AC6
ST2CB,TH1,AC10
ST2CB,TH1a,AC10
ST2CB,TH2,AC10
ST2CB,TH2a,AC10
ST2CB,TH5,AC10
ST2CB,TH6,AC10
ST2CB,TH7,AC10
ST2CB,TH8,AC10
ST2CB,TH8a,AC10
ST2CB,TH9,AC10
ST2CS,CA1,AC10
ST2CS,CA2,AC6
ST2CS,IH1,AC6
ST2CS,IH1a,AC6
ST2CS,IH2,AC6
ST2CS,IH2a,AC6
ST2CS,IH4,AC10
ST2CS,IH4a,AC10
ST2CS,IH6,AC10
ST2CS,IH6a,AC10
ST2CS,IH6b,AC10
ST2CS,IH7,AC10
ST2CS,IH8,AC6
ST2CS,MW1,AC10
ST2CS,MW10,AC6
ST2CS,MW11,AC6
ST2CS,MW12,AC6
ST2CS,MW2,AC10
ST2CS,MW2a,AC10
ST2CS,MW3,AC10
ST2CS,MW4,AC10
ST2CS,MW4a,AC10
ST2CS,MW5,AC10
ST2CS,MW6,AC10
ST2CS,MW7,AC10
ST2CS,MW8,AC10
ST2CS,MW9,AC6
ST2CS,OW1,AC2
ST2CS,OW2,AC2
ST2CS,OW3,AC2
ST2CS,SH1,AC10
ST2CS,SH2,AC10
ST2CS,SH3,AC10
ST2CS,SH4,AC10
ST2CS,SH5,AC10
ST2CS,SH5b,AC10
ST2CS,SH6,AC10
ST2CS,SH7,AC10
ST2CS,SH8,AC10
ST2CS,SP1,AC6
ST2CS,SP10,AC6
ST2CS,SP1a,AC6
ST2CS,SP2,AC6
ST2CS,SP2a,AC6
ST2CS,SP3,AC6
ST2CS,SP4,AC6
ST2CS,SP4a,AC6
ST2CS,SP4b,AC6
ST2CS,SP5,AC6
ST2CS,SP6,AC6
ST2CS,SP7,AC6
ST2CS,SP8,AC6
ST2CS,SP9,AC6
ST2CS,TH1,AC10
ST2CS,TH1a,AC10
ST2CS,TH2,AC10
ST2CS,TH2a,AC10
ST2CS,TH5,AC10
ST2CS,TH6,AC10
ST2CS,TH7,AC10
ST2CS,TH8,AC10
ST2CS,TH8a,AC10
ST2CS,TH9,AC10
ST2CSB,CA1,AC10
ST2CSB,CA2,AC6
ST2CSB,IH1,AC6
ST2CSB,IH1a,AC6
ST2CSB,IH2,AC6
ST2CSB,IH2a,AC6
ST2CSB,IH4,AC10
ST2CSB,IH4a,AC10
ST2CSB,IH6,AC10
ST2CSB,IH6a,AC10
ST2CSB,IH6b,AC10
ST2CSB,IH7,AC10
ST2CSB,IH8,AC6
ST2CSB,MW1,AC10
ST2CSB,MW10,AC6
ST2CSB,MW11,AC6
ST2CSB,MW12,AC6
ST2CSB,MW2,AC10
ST2CSB,MW2a,AC10
ST2CSB,MW3,AC10
ST2CSB,MW4,AC10
ST2CSB,MW4a,AC10
ST2CSB,MW5,AC10
ST2CSB,MW6,AC10
ST2CSB,MW7,AC10
ST2CSB,MW8,AC10
ST2CSB,MW9,AC6
ST2CSB,OW1,AC2
ST2CSB,OW2,AC2
ST2CSB,OW3,AC2
ST2CSB,SH1,AC10
ST2CSB,SH2,AC10
ST2CSB,SH3,AC10
ST2CSB,SH4,AC10
ST2CSB,SH5,AC10
ST2CSB,SH5b,AC10
ST2CSB,SH6,AC10
ST2CSB,SH7,AC10
ST2CSB,SH8,AC10
ST2CSB,SP1,AC6
ST2CSB,SP10,AC6
ST2CSB,SP1a,AC6
ST2CSB,SP2,AC6
ST2CSB,SP2a,AC6
ST2CSB,SP3,AC6
ST2CSB,SP4,AC6
ST2CSB,SP4a,AC6
ST2CSB,SP4b,AC6
ST2CSB,SP5,AC6
ST2CSB,SP6,AC6
ST2CSB,SP7,AC6
ST2CSB,SP8,AC6
ST2CSB,SP9,AC6
ST2CSB,TH1,AC10
ST2CSB,TH1a,AC10
ST2CSB,TH2,AC10
ST2CSB,TH2a,AC10
ST2CSB,TH5,AC10
ST2CSB,TH6,AC10
ST2CSB,TH7,AC10
ST2CSB,TH8,AC10
ST2CSB,TH8a,AC10
ST2CSB,TH9,AC10
ST2L,CA1,AC10
ST2L,CA2,AC6
ST2L,IH1,AC6
ST2L,IH1a,AC6
ST2L,IH2,AC6
ST2L,IH2a,AC6
ST2L,IH3,AC13
ST2L,IH4,AC10
ST2L,IH4a,AC10
ST2L,IH5,AC13
ST2L,IH6,AC10
ST2L,IH6a,AC10
ST2L,IH6b,AC10
ST2L,IH7,AC13
ST2L,IH9,AC10
ST2L,KA1,AC13
ST2L,KA2,AC13
ST2L,KA3,AC13
ST2L,KA4,AC13
ST2L,MW1,AC13
ST2L,MW10,AC6
ST2L,MW11,AC6
ST2L,MW12,AC6
ST2L,MW2,AC13
ST2L,MW2a,AC13
ST2L,MW3,AC13
ST2L,MW4,AC13
ST2L,MW4a,AC13
ST2L,MW5,AC13
ST2L,MW6,AC13
ST2L,MW7,AC10
ST2L,MW8,AC10
ST2L,MW9,AC6
ST2L,OF1,AC13
ST2L,OF3,AC13
ST2L,OF4,AC13
ST2L,OF5,AC13
ST2L,OF6,AC13
ST2L,OF7,AC13
ST2L,OF8,AC13
ST2L,OF9,AC13
ST2L,OW1,AC2
ST2L,OW2,AC2
ST2L,OW3,AC2
ST2L,OW4,AC10
ST2L,SH1,AC10
ST2L,SH2,AC10
ST2L,SH3,AC10
ST2L,SH4,AC10
ST2L,SH5,AC10
ST2L,SH5a,AC10
ST2L,SH5b,AC10
ST2L,SH6,AC10
ST2L,SH7,AC10
ST2L,SH8,AC10
ST2L,SP1,AC6
ST2L,SP10,AC6
ST2L,SP1a,AC6
ST2L,SP2,AC6
ST2L,SP2a,AC6
ST2L,SP3,AC6
ST2L,SP4,AC6
ST2L,SP4a,AC6
ST2L,SP4b,AC6
ST2L,SP5,AC6
ST2L,SP6,AC6
ST2L,SP7,AC6
ST2L,SP8,AC6
ST2L,SP9,AC6
ST2L,TH1,AC13
ST2L,TH1a,AC13
ST2L,TH2,AC13
ST2L,TH2a,AC13
ST2L,TH3,AC13
ST2L,TH4,AC13
ST2L,TH5,AC13
ST2L,TH6,AC13
ST2L,TH7,AC13
ST2L,TH8,AC13
ST2L,TH8a,AC13
ST2L,TH9,AC13
ST2LB,CA1,AC10
ST2LB,CA2,AC6
ST2LB,IH1,AC6
ST2LB,IH1a,AC6
ST2LB,IH2,AC6
ST2LB,IH2a,AC6
ST2LB,IH3,AC13
ST2LB,IH4,AC10
ST2LB,IH4a,AC10
ST2LB,IH5,AC13
ST2LB,IH6,AC10
ST2LB,IH6a,AC10
ST2LB,IH6b,AC10
ST2LB,IH7,AC13
ST2LB,IH9,AC10
ST2LB,KA1,AC13
ST2LB,KA2,AC13
ST2LB,KA3,AC13
ST2LB,KA4,AC13
ST2LB,MW1,AC13
ST2LB,MW10,AC6
ST2LB,MW11,AC6
ST2LB,MW12,AC6
ST2LB,MW2,AC13
ST2LB,MW2a,AC13
ST2LB,MW3,AC13
ST2LB,MW4,AC13
ST2LB,MW4a,AC13
ST2LB,MW5,AC13
ST2LB,MW6,AC13
ST2LB,MW7,AC10
ST2LB,MW8,AC10
ST2LB,MW9,AC6
ST2LB,OW1,AC2
ST2LB,OW2,AC2
ST2LB,OW3,AC2
ST2LB,OW4,AC10
ST2LB,SH1,AC10
ST2LB,SH2,AC10
ST2LB,SH3,AC10
ST2LB,SH4,AC10
ST2LB,SH5,AC10
ST2LB,SH5a,AC10
ST2LB,SH5b,AC10
ST2LB,SH6,AC10
ST2LB,SH7,AC10
ST2LB,SH8,AC10
ST2LB,SP1,AC6
ST2LB,SP10,AC6
ST2LB,SP1a,AC6
ST2LB,SP2,AC6
ST2LB,SP2a,AC6
ST2LB,SP3,AC6
ST2LB,SP4,AC6
ST2LB,SP4a,AC6
ST2LB,SP4b,AC6
ST2LB,SP5,AC6
ST2LB,SP6,AC6
ST2LB,SP7,AC6
ST2LB,SP8,AC6
ST2LB,SP9,AC6
ST2LB,TH1,AC13
ST2LB,TH1a,AC13
ST2LB,TH2,AC13
ST2LB,TH2a,AC13
ST2LB,TH3,AC13
ST2LB,TH4,AC13
ST2LB,TH5,AC13
ST2LB,TH6,AC13
ST2LB,TH7,AC13
ST2LB,TH8,AC13
ST2LB,TH8a,AC13
ST2LB,TH9,AC13
ST2LS,CA1,AC10
ST2LS,CA2,AC6
ST2LS,IH1,AC6
ST2LS,IH1a,AC6
ST2LS,IH2,AC6
ST2LS,IH2a,AC6
ST2LS,IH3,AC13
ST2LS,IH4,AC10
ST2LS,IH4a,AC10
ST2LS,IH5,AC13
ST2LS,IH6,AC10
ST2LS,IH6a,AC10
ST2LS,IH6b,AC10
ST2LS,IH7,AC13
ST2LS,IH9,AC10
ST2LS,KA1,AC13
ST2LS,KA2,AC13
ST2LS,KA3,AC13
ST2LS,KA4,AC13
ST2LS,MW1,AC13
ST2LS,MW10,AC6
ST2LS,MW11,AC6
ST2LS,MW12,AC6
ST2LS,MW2,AC13
ST2LS,MW2a,AC13
ST2LS,MW3,AC13
ST2LS,MW4,AC13
ST2LS,MW4a,AC13
ST2LS,MW5,AC13
ST2LS,MW6,AC13
ST2LS,MW7,AC10
ST2LS,MW8,AC10
ST2LS,MW9,AC6
ST2LS,OW1,AC2
ST2LS,OW2,AC2
ST2LS,OW3,AC2
ST2LS,OW4,AC10
ST2LS,SH1,AC10
ST2LS,SH2,AC10
ST2LS,SH3,AC10
ST2LS,SH4,AC10
ST2LS,SH5,AC10
ST2LS,SH5a,AC10
ST2LS,SH5b,AC10
ST2LS,SH6,AC10
ST2LS,SH7,AC10
ST2LS,SH8,AC10
ST2LS,SP1,AC6
ST2LS,SP10,AC6
ST2LS,SP1a,AC6
ST2LS,SP2,AC6
ST2LS,SP2a,AC6
ST2LS,SP3,AC6
ST2LS,SP4,AC6
ST2LS,SP4a,AC6
ST2LS,SP4b,AC6
ST2LS,SP5,AC6
ST2LS,SP6,AC6
ST2LS,SP7,AC6
ST2LS,SP8,AC6
ST2LS,SP9,AC6
ST2LS,TH1,AC13
ST2LS,TH1a,AC13
ST2LS,TH2,AC13
ST2LS,TH2a,AC13
ST2LS,TH3,AC13
ST2LS,TH5,AC13
ST2LS,TH6,AC13
ST2LS,TH7,AC13
ST2LS,TH8,AC13
ST2LS,TH8a,AC13
ST2LS,TH9,AC13
ST2LSB,CA1,AC10
ST2LSB,CA2,AC6
ST2LSB,IH1,AC6
ST2LSB,IH1a,AC6
ST2LSB,IH2,AC6
ST2LSB,IH2a,AC6
ST2LSB,IH3,AC13
ST2LSB,IH4,AC10
ST2LSB,IH4a,AC10
ST2LSB,IH5,AC13
ST2LSB,IH6,AC10
ST2LSB,IH6a,AC10
ST2LSB,IH6b,AC10
ST2LSB,IH7,AC13
ST2LSB,IH9,AC10
ST2LSB,KA1,AC13
ST2LSB,KA2,AC13
ST2LSB,KA3,AC13
ST2LSB,KA4,AC13
ST2LSB,MW1,AC13
ST2LSB,MW10,AC6
ST2LSB,MW11,AC6
ST2LSB,MW12,AC6
ST2LSB,MW2,AC13
ST2LSB,MW2a,AC13
ST2LSB,MW3,AC13
ST2LSB,MW4,AC13
ST2LSB,MW4a,AC13
ST2LSB,MW5,AC13
ST2LSB,MW6,AC13
ST2LSB,MW7,AC10
ST2LSB,MW8,AC10
ST2LSB,MW9,AC6
ST2LSB,OW1,AC2
ST2LSB,OW2,AC2
ST2LSB,OW3,AC2
ST2LSB,OW4,AC10
ST2LSB,SH1,AC10
ST2LSB,SH2,AC10
ST2LSB,SH3,AC10
ST2LSB,SH4,AC10
ST2LSB,SH5,AC10
ST2LSB,SH5a,AC10
ST2LSB,SH5b,AC10
ST2LSB,SH6,AC10
ST2LSB,SH7,AC10
ST2LSB,SH8,AC10
ST2LSB,SP1,AC6
ST2LSB,SP10,AC6
ST2LSB,SP1a,AC6
ST2LSB,SP2,AC6
ST2LSB,SP2a,AC6
ST2LSB,SP3,AC6
ST2LSB,SP4,AC6
ST2LSB,SP4a,AC6
ST2LSB,SP4b,AC6
ST2LSB,SP5,AC6
ST2LSB,SP6,AC6
ST2LSB,SP7,AC6
ST2LSB,SP8,AC6
ST2LSB,SP9,AC6
ST2LSB,TH1,AC13
ST2LSB,TH1a,AC13
ST2LSB,TH2,AC13
ST2LSB,TH2a,AC13
ST2LSB,TH3,AC13
ST2LSB,TH5,AC13
ST2LSB,TH6,AC13
ST2LSB,TH7,AC13
ST2LSB,TH8,AC13
ST2LSB,TH8a,AC13
ST2LSB,TH9,AC13
ST2S,CA1,AC10
ST2S,CA2,AC6
ST2S,IH1,AC6
ST2S,IH1a,AC6
ST2S,IH2,AC6
ST2S,IH2a,AC6
ST2S,IH3,AC10
ST2S,IH4,AC10
ST2S,IH4a,AC10
ST2S,IH5,AC10
ST2S,IH6,AC10
ST2S,IH6a,AC10
ST2S,IH6b,AC10
ST2S,IH7,AC10
ST2S,IH8,AC6
ST2S,IH9,AC10
ST2S,KA1,AC10
ST2S,KA2,AC10
ST2S,KA3,AC10
ST2S,KA4,AC10
ST2S,MW1,AC10
ST2S,MW10,AC6
ST2S,MW11,AC6
ST2S,MW12,AC6
ST2S,MW2,AC10
ST2S,MW2a,AC10
ST2S,MW3,AC10
ST2S,MW4,AC10
ST2S,MW4a,AC10
ST2S,MW5,AC10
ST2S,MW6,AC10
ST2S,MW7,AC10
ST2S,MW8,AC10
ST2S,MW9,AC6
ST2S,OW1,AC2
ST2S,OW2,AC2
ST2S,OW3,AC2
ST2S,OW4,AC10
ST2S,SH1,AC10
ST2S,SH2,AC10
ST2S,SH3,AC10
ST2S,SH4,AC10
ST2S,SH5,AC10
ST2S,SH5a,AC10
ST2S,SH5b,AC10
ST2S,SH6,AC10
ST2S,SH7,AC10
ST2S,SH8,AC10
ST2S,SP1,AC6
ST2S,SP10,AC6
ST2S,SP1a,AC6
ST2S,SP2,AC6
ST2S,SP2a,AC6
ST2S,SP3,AC6
ST2S,SP4,AC6
ST2S,SP4a,AC6
ST2S,SP4b,AC6
ST2S,SP5,AC6
ST2S,SP6,AC6
ST2S,SP7,AC6
ST2S,SP8,AC6
ST2S,SP9,AC6
ST2S,TH1,AC13
ST2S,TH1a,AC13
ST2S,TH2,AC13
ST2S,TH2a,AC13
ST2S,TH3,AC13
ST2S,TH5,AC13
ST2S,TH6,AC13
ST2S,TH7,AC13
ST2S,TH8,AC13
ST2S,TH8a,AC13
ST2S,TH9,AC13
ST2SB,CA1,AC10
ST2SB,IH1,AC6
ST2SB,IH1a,AC6
ST2SB,IH2,AC6
ST2SB,IH2a,AC6
ST2SB,IH3,AC10
ST2SB,IH4,AC10
ST2SB,IH4a,AC10
ST2SB,IH5,AC10
ST2SB,IH6,AC10
ST2SB,IH6a,AC10
ST2SB,IH6b,AC10
ST2SB,IH7,AC10
ST2SB,IH8,AC6
ST2SB,IH9,AC10
ST2SB,KA1,AC10
ST2SB,KA2,AC10
ST2SB,KA3,AC10
ST2SB,KA4,AC10
ST2SB,MW1,AC10
ST2SB,MW10,AC6
ST2SB,MW11,AC6
ST2SB,MW12,AC6
ST2SB,MW2,AC10
ST2SB,MW2a,AC10
ST2SB,MW3,AC10
ST2SB,MW4,AC10
ST2SB,MW4a,AC10
ST2SB,MW5,AC10
ST2SB,MW6,AC10
ST2SB,MW7,AC10
ST2SB,MW8,AC10
ST2SB,MW9,AC6
ST2SB,OW1,AC2
ST2SB,OW2,AC2
ST2SB,OW3,AC2
ST2SB,OW4,AC10
ST2SB,SH1,AC10
ST2SB,SH2,AC10
ST2SB,SH3,AC10
ST2SB,SH4,AC10
ST2SB,SH5,AC10
ST2SB,SH5a,AC10
ST2SB,SH5b,AC10
ST2SB,SH6,AC10
ST2SB,SH7,AC10
ST2SB,SH8,AC10
ST2SB,SP1,AC6
ST2SB,SP10,AC6
ST2SB,SP1a,AC6
ST2SB,SP2,AC6
ST2SB,SP2a,AC6
ST2SB,SP3,AC6
ST2SB,SP4,AC6
ST2SB,SP4a,AC6
ST2SB,SP4b,AC6
ST2SB,SP5,AC6
ST2SB,SP6,AC6
ST2SB,SP7,AC6
ST2SB,SP8,AC6
ST2SB,SP9,AC6
ST2SB,TH1,AC13
ST2SB,TH1a,AC13
ST2SB,TH2,AC13
ST2SB,TH2a,AC13
ST2SB,TH3,AC13
ST2SB,TH5,AC13
ST2SB,TH6,AC13
ST2SB,TH7,AC13
ST2SB,TH8,AC13
ST2SB,TH8a,AC13
ST2SB,TH9,AC13
ST3,CA1,AC11
ST3,CA2,AC7
ST3,IH1,AC7
ST3,IH1a,AC7
ST3,IH2,AC7
ST3,IH2a,AC7
ST3,IH3,AC11
ST3,IH4,AC11
ST3,IH4a,AC11
ST3,IH5,AC11
ST3,IH6,AC11
ST3,IH6a,AC11
ST3,IH6b,AC11
ST3,IH7,AC11
ST3,IH8,AC7
ST3,IH9,AC11
ST3,KA1,AC11
ST3,KA2,AC11
ST3,KA3,AC11
ST3,KA4,AC11
ST3,MW1,AC11
ST3,MW10,AC7
ST3,MW11,AC7
ST3,MW12,AC7
ST3,MW2,AC11
ST3,MW2a,AC11
ST3,MW3,AC11
ST3,MW4,AC11
ST3,MW4a,AC11
ST3,MW5,AC11
ST3,MW6,AC11
ST3,MW7,AC11
ST3,MW8,AC11
ST3,MW9,AC7
ST3,OF1,AC11
ST3,OF2,AC11
ST3,OF3,AC11
ST3,OF4,AC11
ST3,OF5,AC11
ST3,OF6,AC13
ST3,OF7,AC11
ST3,OF8,AC11
ST3,OF9,AC11
ST3,OW1,AC3
ST3,OW2,AC3
ST3,OW3,AC3
ST3,OW4,AC11
ST3,SH1,AC11
ST3,SH2,AC11
ST3,SH3,AC11
ST3,SH4,AC11
ST3,SH5,AC11
ST3,SH5a,AC11
ST3,SH5b,AC11
ST3,SH6,AC11
ST3,SH7,AC11
ST3,SH8,AC11
ST3,SP1,AC7
ST3,SP10,AC7
ST3,SP1a,AC7
ST3,SP2,AC7
ST3,SP2a,AC7
ST3,SP3,AC7
ST3,SP4,AC7
ST3,SP4a,AC7
ST3,SP4b,AC7
ST3,SP5,AC7
ST3,SP6,AC7
ST3,SP7,AC7
ST3,SP8,AC7
ST3,SP9,AC7
ST3,TH1,AC14
ST3,TH1a,AC14
ST3,TH2,AC14
ST3,TH2a,AC14
ST3,TH3,AC14
ST3,TH6,AC14
ST3,TH7,AC14
ST3,TH8,AC14
ST3,TH8a,AC14
ST3,TH9,AC14
ST3B,CA1,AC11
ST3B,CA2,AC7
ST3B,IH1,AC7
ST3B,IH1a,AC7
ST3B,IH2,AC7
ST3B,IH2a,AC7
ST3B,IH3,AC11
ST3B,IH4,AC11
ST3B,IH4a,AC11
ST3B,IH5,AC11
ST3B,IH6,AC11
ST3B,IH6a,AC11
ST3B,IH6b,AC11
ST3B,IH7,AC11
ST3B,IH8,AC7
ST3B,IH9,AC11
ST3B,KA1,AC11
ST3B,KA2,AC11
ST3B,KA3,AC11
ST3B,KA4,AC11
ST3B,MW1,AC11
ST3B,MW10,AC7
ST3B,MW11,AC7
ST3B,MW12,AC7
ST3B,MW2,AC11
ST3B,MW2a,AC11
ST3B,MW3,AC11
ST3B,MW4,AC11
ST3B,MW4a,AC11
ST3B,MW5,AC11
ST3B,MW6,AC11
ST3B,MW7,AC11
ST3B,MW8,AC11
ST3B,MW9,AC7
ST3B,OW1,AC3
ST3B,OW2,AC3
ST3B,OW3,AC3
ST3B,OW4,AC11
ST3B,SH1,AC11
ST3B,SH2,AC11
ST3B,SH3,AC11
ST3B,SH4,AC11
ST3B,SH5,AC11
ST3B,SH5a,AC11
ST3B,SH5b,AC11
ST3B,SH6,AC11
ST3B,SH7,AC11
ST3B,SH8,AC11
ST3B,SP1,AC7
ST3B,SP10,AC7
ST3B,SP1a,AC7
ST3B,SP2,AC7
ST3B,SP2a,AC7
ST3B,SP3,AC7
ST3B,SP4,AC7
ST3B,SP4a,AC7
ST3B,SP4b,AC7
ST3B,SP5,AC7
ST3B,SP6,AC7
ST3B,SP7,AC7
ST3B,SP8,AC7
ST3B,SP9,AC7
ST3B,TH1,AC14
ST3B,TH1a,AC14
ST3B,TH2,AC14
ST3B,TH2a,AC14
ST3B,TH3,AC14
ST3B,TH6,AC14
ST3B,TH7,AC14
ST3B,TH8,AC14
ST3B,TH8a,AC14
ST3B,TH9,AC14
ST3C,CA1,AC11
ST3C,CA2,AC7
ST3C,IH1,AC7
ST3C,IH1a,AC7
ST3C,IH2,AC7
ST3C,IH2a,AC7
ST3C,IH4,AC11
ST3C,IH4a,AC11
ST3C,IH6,AC11
ST3C,IH6a,AC11
ST3C,IH6b,AC11
ST3C,IH7,AC11
ST3C,IH8,AC7
ST3C,MW1,AC11
ST3C,MW10,AC7
ST3C,MW11,AC7
ST3C,MW12,AC7
ST3C,MW2,AC11
ST3C,MW2a,AC11
ST3C,MW3,AC11
ST3C,MW4,AC11
ST3C,MW4a,AC11
ST3C,MW5,AC11
ST3C,MW6,AC11
ST3C,MW7,AC11
ST3C,MW8,AC11
ST3C,MW9,AC7
ST3C,OW1,AC3
ST3C,OW2,AC3
ST3C,OW3,AC3
ST3C,SH1,AC11
ST3C,SH2,AC11
ST3C,SH3,AC11
ST3C,SH4,AC11
ST3C,SH5,AC11
ST3C,SH5a,AC11
ST3C,SH5b,AC11
ST3C,SH6,AC11
ST3C,SH7,AC11
ST3C,SH8,AC11
ST3C,SP1,AC7
ST3C,SP10,AC7
ST3C,SP1a,AC7
ST3C,SP2,AC7
ST3C,SP2a,AC7
ST3C,SP3,AC7
ST3C,SP4,AC7
ST3C,SP4a,AC7
ST3C,SP4b,AC7
ST3C,SP5,AC7
ST3C,SP6,AC7
ST3C,SP7,AC7
ST3C,SP8,AC7
ST3C,SP9,AC7
ST3C,TH1,AC11
ST3C,TH1a,AC11
ST3C,TH2,AC11
ST3C,TH2a,AC11
ST3C,TH6,AC11
ST3C,TH7,AC11
ST3C,TH8,AC11
ST3C,TH8a,AC11
ST3C,TH9,AC11
ST3CB,CA1,AC11
ST3CB,CA2,AC7
ST3CB,IH1,AC7
ST3CB,IH1a,AC7
ST3CB,IH2,AC7
ST3CB,IH2a,AC7
ST3CB,IH4,AC11
ST3CB,IH4a,AC11
ST3CB,IH6,AC11
ST3CB,IH6a,AC11
ST3CB,IH6b,AC11
ST3CB,IH7,AC11
ST3CB,IH8,AC7
ST3CB,MW1,AC11
ST3CB,MW10,AC7
ST3CB,MW11,AC7
ST3CB,MW12,AC7
ST3CB,MW2,AC11
ST3CB,MW2a,AC11
ST3CB,MW3,AC11
ST3CB,MW4,AC11
ST3CB,MW4a,AC11
ST3CB,MW5,AC11
ST3CB,MW6,AC11
ST3CB,MW7,AC11
ST3CB,MW8,AC11
ST3CB,MW9,AC7
ST3CB,OW1,AC3
ST3CB,OW2,AC3
ST3CB,OW3,AC3
ST3CB,SH1,AC11
ST3CB,SH2,AC11
ST3CB,SH3,AC11
ST3CB,SH4,AC11
ST3CB,SH5,AC11
ST3CB,SH5a,AC11
ST3CB,SH5b,AC11
ST3CB,SH6,AC11
ST3CB,SH7,AC11
ST3CB,SH8,AC11
ST3CB,SP1,AC7
ST3CB,SP10,AC7
ST3CB,SP1a,AC7
ST3CB,SP2,AC7
ST3CB,SP2a,AC7
ST3CB,SP3,AC7
ST3CB,SP4,AC7
ST3CB,SP4a,AC7
ST3CB,SP4b,AC7
ST3CB,SP5,AC7
ST3CB,SP6,AC7
ST3CB,SP7,AC7
ST3CB,SP8,AC7
ST3CB,SP9,AC7
ST3CB,TH1,AC11
ST3CB,TH1a,AC11
ST3CB,TH2,AC11
ST3CB,TH2a,AC11
ST3CB,TH6,AC11
ST3CB,TH7,AC11
ST3CB,TH8,AC11
ST3CB,TH8a,AC11
ST3CB,TH9,AC11
ST3CS,CA1,AC11
ST3CS,CA2,AC7
ST3CS,IH1,AC7
ST3CS,IH1a,AC7
ST3CS,IH2,AC7
ST3CS,IH2a,AC7
ST3CS,IH4,AC11
ST3CS,IH4a,AC11
ST3CS,IH6,AC11
ST3CS,IH6a,AC11
ST3CS,IH6b,AC11
ST3CS,IH7,AC11
ST3CS,IH8,AC7
ST3CS,MW1,AC11
ST3CS,MW10,AC7
ST3CS,MW11,AC7
ST3CS,MW12,AC7
ST3CS,MW2,AC11
ST3CS,MW2a,AC11
ST3CS,MW3,AC11
ST3CS,MW4,AC11
ST3CS,MW4a,AC11
ST3CS,MW5,AC11
ST3CS,MW6,AC11
ST3CS,MW7,AC11
ST3CS,MW8,AC11
ST3CS,MW9,AC7
ST3CS,OW1,AC3
ST3CS,OW2,AC3
ST3CS,OW3,AC3
ST3CS,SH1,AC11
ST3CS,SH2,AC11
ST3CS,SH3,AC11
ST3CS,SH4,AC11
ST3CS,SH5,AC11
ST3CS,SH5a,AC11
ST3CS,SH5b,AC11
ST3CS,SH6,AC11
ST3CS,SH7,AC11
ST3CS,SH8,AC11
ST3CS,SP1,AC7
ST3CS,SP10,AC7
ST3CS,SP1a,AC7
ST3CS,SP2,AC7
ST3CS,SP2a,AC7
ST3CS,SP3,AC7
ST3CS,SP4,AC7
ST3CS,SP4a,AC7
ST3CS,SP4b,AC7
ST3CS,SP5,AC7
ST3CS,SP6,AC7
ST3CS,SP7,AC7
ST3CS,SP8,AC7
ST3CS,SP9,AC7
ST3CS,TH1,AC11
ST3CS,TH1a,AC11
ST3CS,TH2,AC11
ST3CS,TH2a,AC11
ST3CS,TH6,AC11
ST3CS,TH7,AC11
ST3CS,TH8,AC11
ST3CS,TH8a,AC11
ST3CS,TH9,AC11
ST3CSB,CA1,AC11
ST3CSB,CA2,AC7
ST3CSB,IH1,AC7
ST3CSB,IH1a,AC7
ST3CSB,IH2,AC7
ST3CSB,IH2a,AC7
ST3CSB,IH4,AC11
ST3CSB,IH4a,AC11
ST3CSB,IH6,AC11
ST3CSB,IH6a,AC11
ST3CSB,IH6b,AC11
ST3CSB,IH7,AC11
ST3CSB,IH8,AC7
ST3CSB,MW1,AC11
ST3CSB,MW10,AC7
ST3CSB,MW11,AC7
ST3CSB,MW12,AC7
ST3CSB,MW2,AC11
ST3CSB,MW2a,AC11
ST3CSB,MW3,AC11
ST3CSB,MW4,AC11
ST3CSB,MW4a,AC11
ST3CSB,MW5,AC11
ST3CSB,MW6,AC11
ST3CSB,MW7,AC11
ST3CSB,MW8,AC11
ST3CSB,MW9,AC7
ST3CSB,OW1,AC3
ST3CSB,OW2,AC3
ST3CSB,OW3,AC3
ST3CSB,SH1,AC11
ST3CSB,SH2,AC11
ST3CSB,SH3,AC11
ST3CSB,SH4,AC11
ST3CSB,SH5,AC11
ST3CSB,SH5a,AC11
ST3CSB,SH5b,AC11
ST3CSB,SH6,AC11
ST3CSB,SH7,AC11
ST3CSB,SH8,AC11
ST3CSB,SP1,AC7
ST3CSB,SP10,AC7
ST3CSB,SP1a,AC7
ST3CSB,SP2,AC7
ST3CSB,SP2a,AC7
ST3CSB,SP3,AC7
ST3CSB,SP4,AC7
ST3CSB,SP4a,AC7
ST3CSB,SP4b,AC7
ST3CSB,SP5,AC7
ST3CSB,SP6,AC7
ST3CSB,SP7,AC7
ST3CSB,SP8,AC7
ST3CSB,SP9,AC7
ST3CSB,TH1,AC11
ST3CSB,TH1a,AC11
ST3CSB,TH2,AC11
ST3CSB,TH2a,AC11
ST3CSB,TH6,AC11
ST3CSB,TH7,AC11
ST3CSB,TH8,AC11
ST3CSB,TH8a,AC11
ST3CSB,TH9,AC11
ST3L,CA1,AC11
ST3L,CA2,AC7
ST3L,IH1,AC7
ST3L,IH1a,AC7
ST3L,IH2,AC7
ST3L,IH2a,AC7
ST3L,IH3,AC14
ST3L,IH4,AC11
ST3L,IH4a,AC11
ST3L,IH5,AC14
ST3L,IH6,AC11
ST3L,IH6a,AC11
ST3L,IH6b,AC11
ST3L,IH7,AC14
ST3L,IH9,AC11
ST3L,KA1,AC14
ST3L,KA2,AC14
ST3L,KA3,AC14
ST3L,KA4,AC14
ST3L,MW1,AC14
ST3L,MW10,AC7
ST3L,MW11,AC7
ST3L,MW12,AC7
ST3L,MW13,AC14
ST3L,MW2,AC14
ST3L,MW2a,AC14
ST3L,MW3,AC14
ST3L,MW4,AC14
ST3L,MW4a,AC14
ST3L,MW5,AC14
ST3L,MW6,AC14
ST3L,MW7,AC11
ST3L,MW8,AC11
ST3L,MW9,AC7
ST3L,OF1,AC14
ST3L,OF2,AC14
ST3L,OF3,AC14
ST3L,OF4,AC14
ST3L,OF5,AC14
ST3L,OF6,AC14
ST3L,OF7,AC14
ST3L,OF8,AC14
ST3L,OF9,AC14
ST3L,OW1,AC3
ST3L,OW2,AC3
ST3L,OW3,AC3
ST3L,OW4,AC11
ST3L,SH1,AC11
ST3L,SH2,AC11
ST3L,SH3,AC11
ST3L,SH4,AC11
ST3L,SH5,AC11
ST3L,SH5a,AC11
ST3L,SH5b,AC11
ST3L,SH6,AC11
ST3L,SH7,AC11
ST3L,SH8,AC11
ST3L,SP1,AC7
ST3L,SP10,AC7
ST3L,SP1a,AC7
ST3L,SP2,AC7
ST3L,SP2a,AC7
ST3L,SP3,AC7
ST3L,SP4,AC7
ST3L,SP4a,AC7
ST3L,SP4b,AC7
ST3L,SP5,AC7
ST3L,SP6,AC7
ST3L,SP7,AC7
ST3L,SP8,AC7
ST3L,SP9,AC7
ST3L,TH1,AC14
ST3L,TH1a,AC14
ST3L,TH2,AC14
ST3L,TH2a,AC14
ST3L,TH3,AC14
ST3L,TH4,AC14
ST3L,TH6,AC14
ST3L,TH7,AC14
ST3L,TH8,AC14
ST3L,TH8a,AC14
ST3L,TH9,AC14
ST3LB,CA1,AC11
ST3LB,CA2,AC7
ST3LB,IH1,AC7
ST3LB,IH1a,AC7
ST3LB,IH2,AC7
ST3LB,IH2a,AC7
ST3LB,IH3,AC14
ST3LB,IH4,AC11
ST3LB,IH4a,AC11
ST3LB,IH5,AC14
ST3LB,IH6,AC11
ST3LB,IH6a,AC11
ST3LB,IH6b,AC11
ST3LB,IH7,AC14
ST3LB,IH9,AC11
ST3LB,KA1,AC14
ST3LB,KA2,AC14
ST3LB,KA3,AC14
ST3LB,KA4,AC14
ST3LB,MW1,AC14
ST3LB,MW10,AC7
ST3LB,MW11,AC7
ST3LB,MW12,AC7
ST3LB,MW2,AC14
ST3LB,MW2a,AC14
ST3LB,MW3,AC14
ST3LB,MW4,AC14
ST3LB,MW4a,AC14
ST3LB,MW5,AC14
ST3LB,MW6,AC14
ST3LB,MW7,AC11
ST3LB,MW8,AC11
ST3LB,MW9,AC7
ST3LB,OW1,AC3
ST3LB,OW2,AC3
ST3LB,OW3,AC3
ST3LB,OW4,AC11
ST3LB,SH1,AC11
ST3LB,SH2,AC11
ST3LB,SH3,AC11
ST3LB,SH4,AC11
ST3LB,SH5,AC11
ST3LB,SH5a,AC11
ST3LB,SH5b,AC11
ST3LB,SH6,AC11
ST3LB,SH7,AC11
ST3LB,SH8,AC11
ST3LB,SP1,AC7
ST3LB,SP10,AC7
ST3LB,SP1a,AC7
ST3LB,SP2,AC7
ST3LB,SP2a,AC7
ST3LB,SP3,AC7
ST3LB,SP4,AC7
ST3LB,SP4a,AC7
ST3LB,SP4b,AC7
ST3LB,SP5,AC7
ST3LB,SP6,AC7
ST3LB,SP7,AC7
ST3LB,SP8,AC7
ST3LB,SP9,AC7
ST3LB,TH1,AC14
ST3LB,TH1a,AC14
ST3LB,TH2,AC14
ST3LB,TH2a,AC14
ST3LB,TH3,AC14
ST3LB,TH4,AC14
ST3LB,TH6,AC14
ST3LB,TH7,AC14
ST3LB,TH8,AC14
ST3LB,TH8a,AC14
ST3LB,TH9,AC14
ST3LS,CA1,AC11
ST3LS,CA2,AC7
ST3LS,IH1,AC7
ST3LS,IH1a,AC7
ST3LS,IH2,AC7
ST3LS,IH2a,AC7
ST3LS,IH3,AC14
ST3LS,IH4,AC11
ST3LS,IH4a,AC11
ST3LS,IH5,AC14
ST3LS,IH6,AC11
ST3LS,IH6a,AC11
ST3LS,IH6b,AC11
ST3LS,IH7,AC14
ST3LS,IH9,AC11
ST3LS,KA1,AC14
ST3LS,KA2,AC14
ST3LS,KA3,AC14
ST3LS,KA4,AC14
ST3LS,MW1,AC14
ST3LS,MW10,AC7
ST3LS,MW11,AC7
ST3LS,MW12,AC7
ST3LS,MW13,AC14
ST3LS,MW2,AC14
ST3LS,MW2a,AC14
ST3LS,MW3,AC14
ST3LS,MW4,AC14
ST3LS,MW4a,AC14
ST3LS,MW5,AC14
ST3LS,MW6,AC14
ST3LS,MW7,AC11
ST3LS,MW8,AC11
ST3LS,MW9,AC7
ST3LS,OW1,AC3
ST3LS,OW2,AC3
ST3LS,OW3,AC3
ST3LS,OW4,AC11
ST3LS,SH1,AC11
ST3LS,SH2,AC11
ST3LS,SH3,AC11
ST3LS,SH4,AC11
ST3LS,SH5,AC11
ST3LS,SH5a,AC11
ST3LS,SH5b,AC11
ST3LS,SH6,AC11
ST3LS,SH7,AC11
ST3LS,SH8,AC11
ST3LS,SP1,AC7
ST3LS,SP10,AC7
ST3LS,SP1a,AC7
ST3LS,SP2,AC7
ST3LS,SP2a,AC7
ST3LS,SP3,AC7
ST3LS,SP4,AC7
ST3LS,SP4a,AC7
ST3LS,SP4b,AC7
ST3LS,SP5,AC7
ST3LS,SP6,AC7
ST3LS,SP7,AC7
ST3LS,SP8,AC7
ST3LS,SP9,AC7
ST3LS,TH1,AC14
ST3LS,TH1a,AC14
ST3LS,TH2,AC14
ST3LS,TH2a,AC14
ST3LS,TH3,AC14
ST3LS,TH6,AC14
ST3LS,TH7,AC14
ST3LS,TH8,AC14
ST3LS,TH8a,AC14
ST3LS,TH9,AC14
ST3LSB,CA1,AC11
ST3LSB,CA2,AC7
ST3LSB,IH1,AC7
ST3LSB,IH1a,AC7
ST3LSB,IH2,AC7
ST3LSB,IH2a,AC7
ST3LSB,IH3,AC14
ST3LSB,IH4,AC11
ST3LSB,IH4a,AC11
ST3LSB,IH5,AC14
ST3LSB,IH6,AC11
ST3LSB,IH6a,AC11
ST3LSB,IH6b,AC11
ST3LSB,IH7,AC14
ST3LSB,IH9,AC11
ST3LSB,KA1,AC14
ST3LSB,KA2,AC14
ST3LSB,KA3,AC14
ST3LSB,KA4,AC14
ST3LSB,MW1,AC14
ST3LSB,MW10,AC7
ST3LSB,MW11,AC7
ST3LSB,MW12,AC7
ST3LSB,MW2,AC14
ST3LSB,MW2a,AC14
ST3LSB,MW3,AC14
ST3LSB,MW4,AC14
ST3LSB,MW4a,AC14
ST3LSB,MW5,AC14
ST3LSB,MW6,AC14
ST3LSB,MW7,AC11
ST3LSB,MW8,AC11
ST3LSB,MW9,AC7
ST3LSB,OW1,AC3
ST3LSB,OW2,AC3
ST3LSB,OW3,AC3
ST3LSB,OW4,AC11
ST3LSB,SH1,AC11
ST3LSB,SH2,AC11
ST3LSB,SH3,AC11
ST3LSB,SH4,AC11
ST3LSB,SH5,AC11
ST3LSB,SH5a,AC11
ST3LSB,SH5b,AC11
ST3LSB,SH6,AC11
ST3LSB,SH7,AC11
ST3LSB,SH8,AC11
ST3LSB,SP1,AC7
ST3LSB,SP10,AC7
ST3LSB,SP1a,AC7
ST3LSB,SP2,AC7
ST3LSB,SP2a,AC7
ST3LSB,SP3,AC7
ST3LSB,SP4,AC7
ST3LSB,SP4a,AC7
ST3LSB,SP4b,AC7
ST3LSB,SP5,AC7
ST3LSB,SP6,AC7
ST3LSB,SP7,AC7
ST3LSB,SP8,AC7
ST3LSB,SP9,AC7
ST3LSB,TH1,AC14
ST3LSB,TH1a,AC14
ST3LSB,TH2,AC14
ST3LSB,TH2a,AC14
ST3LSB,TH3,AC14
ST3LSB,TH6,AC14
ST3LSB,TH7,AC14
ST3LSB,TH8,AC14
ST3LSB,TH8a,AC14
ST3LSB,TH9,AC14
ST3S,CA1,AC11
ST3S,CA2,AC7
ST3S,IH1,AC7
ST3S,IH1a,AC7
ST3S,IH2,AC7
ST3S,IH2a,AC7
ST3S,IH3,AC11
ST3S,IH4,AC11
ST3S,IH4a,AC11
ST3S,IH5,AC11
ST3S,IH6,AC11
ST3S,IH6a,AC11
ST3S,IH6b,AC11
ST3S,IH7,AC11
ST3S,IH8,AC7
ST3S,IH9,AC11
ST3S,KA1,AC11
ST3S,KA2,AC11
ST3S,KA3,AC11
ST3S,KA4,AC11
ST3S,MW1,AC11
ST3S,MW10,AC7
ST3S,MW11,AC7
ST3S,MW12,AC7
ST3S,MW2,AC11
ST3S,MW2a,AC11
ST3S,MW3,AC11
ST3S,MW4,AC11
ST3S,MW4a,AC11
ST3S,MW5,AC11
ST3S,MW6,AC11
ST3S,MW7,AC11
ST3S,MW8,AC11
ST3S,MW9,AC7
ST3S,OW1,AC3
ST3S,OW2,AC3
ST3S,OW3,AC3
ST3S,OW4,AC11
ST3S,SH1,AC11
ST3S,SH2,AC11
ST3S,SH3,AC11
ST3S,SH4,AC11
ST3S,SH5,AC11
ST3S,SH5a,AC11
ST3S,SH5b,AC11
ST3S,SH6,AC11
ST3S,SH7,AC11
ST3S,SH8,AC11
ST3S,SP1,AC7
ST3S,SP10,AC7
ST3S,SP1a,AC7
ST3S,SP2,AC7
ST3S,SP2a,AC7
ST3S,SP3,AC7
ST3S,SP4,AC7
ST3S,SP4a,AC7
ST3S,SP4b,AC7
ST3S,SP5,AC7
ST3S,SP6,AC7
ST3S,SP7,AC7
ST3S,SP8,AC7
ST3S,SP9,AC7
ST3S,TH1,AC14
ST3S,TH1a,AC14
ST3S,TH2,AC14
ST3S,TH2a,AC14
ST3S,TH3,AC14
ST3S,TH6,AC14
ST3S,TH7,AC14
ST3S,TH8,AC14
ST3S,TH8a,AC14
ST3S,TH9,AC14
ST3SB,CA1,AC11
ST3SB,CA2,AC7
ST3SB,IH1,AC7
ST3SB,IH1a,AC7
ST3SB,IH2,AC7
ST3SB,IH2a,AC7
ST3SB,IH3,AC11
ST3SB,IH4,AC11
ST3SB,IH4a,AC11
ST3SB,IH5,AC11
ST3SB,IH6,AC11
ST3SB,IH6a,AC11
ST3SB,IH6b,AC11
ST3SB,IH7,AC11
ST3SB,IH8,AC7
ST3SB,IH9,AC11
ST3SB,KA1,AC11
ST3SB,KA2,AC11
ST3SB,KA3,AC11
ST3SB,KA4,AC11
ST3SB,MW1,AC11
ST3SB,MW10,AC7
ST3SB,MW11,AC7
ST3SB,MW12,AC7
ST3SB,MW2,AC11
ST3SB,MW2a,AC11
ST3SB,MW3,AC11
ST3SB,MW4,AC11
ST3SB,MW4a,AC11
ST3SB,MW5,AC11
ST3SB,MW6,AC11
ST3SB,MW7,AC11
ST3SB,MW8,AC11
ST3SB,MW9,AC7
ST3SB,OW1,AC3
ST3SB,OW2,AC3
ST3SB,OW3,AC3
ST3SB,OW4,AC11
ST3SB,SH1,AC11
ST3SB,SH2,AC11
ST3SB,SH3,AC11
ST3SB,SH4,AC11
ST3SB,SH5,AC11
ST3SB,SH5a,AC11
ST3SB,SH5b,AC11
ST3SB,SH6,AC11
ST3SB,SH7,AC11
ST3SB,SH8,AC11
ST3SB,SP1,AC7
ST3SB,SP10,AC7
ST3SB,SP1a,AC7
ST3SB,SP2,AC7
ST3SB,SP2a,AC7
ST3SB,SP3,AC7
ST3SB,SP4,AC7
ST3SB,SP4a,AC7
ST3SB,SP4b,AC7
ST3SB,SP5,AC7
ST3SB,SP6,AC7
ST3SB,SP7,AC7
ST3SB,SP8,AC7
ST3SB,SP9,AC7
ST3SB,TH1,AC14
ST3SB,TH1a,AC14
ST3SB,TH2,AC14
ST3SB,TH2a,AC14
ST3SB,TH3,AC14
ST3SB,TH6,AC14
ST3SB,TH7,AC14
ST3SB,TH8,AC14
ST3SB,TH8a,AC14
ST3SB,TH9,AC14
ST4,WC1,AC4
ST4,WC10,AC12
ST4,WC10a,AC12
ST4,WC11,AC4
ST4,WC2,AC4
ST4,WC2a,AC4
ST4,WC3,AC4
ST4,WC4,AC4
ST4,WC5,AC8
ST4,WC6,AC8
ST4,WC7,AC8
ST4,WC7a,AC8
ST4,WC8,AC8
ST4,WC9,AC8
ST4,WD2,AC8
ST4,WD3,AC12
ST4,WD4,AC12
ST4,WD5,AC12
ST4,WM1,AC8
ST4,WM2,AC12
ST4,WM3,AC8
ST4,WM3a,AC8
ST4,WM4,AC12
ST4B,WC1,AC4
ST4B,WC10,AC12
ST4B,WC10a,AC12
ST4B,WC11,AC4
ST4B,WC2,AC4
ST4B,WC2a,AC4
ST4B,WC3,AC4
ST4B,WC4,AC4
ST4B,WC5,AC8
ST4B,WC6,AC8
ST4B,WC7,AC8
ST4B,WC7a,AC8
ST4B,WC8,AC8
ST4B,WC9,AC8
ST4B,WD2,AC8
ST4B,WD3,AC12
ST4B,WD4,AC12
ST4B,WD5,AC12
ST4B,WM1,AC8
ST4B,WM2,AC12
ST4B,WM3,AC8
ST4B,WM3a,AC8
ST4B,WM4,AC12
ST4S,WC1,AC4
ST4S,WC10,AC12
ST4S,WC10a,AC12
ST4S,WC11,AC4
ST4S,WC2,AC4
ST4S,WC2a,AC4
ST4S,WC3,AC4
ST4S,WC4,AC4
ST4S,WC5,AC8
ST4S,WC6,AC8
ST4S,WC7,AC8
ST4S,WC7a,AC8
ST4S,WC8,AC8
ST4S,WC9,AC8
ST4S,WD2,AC8
ST4S,WD3,AC12
ST4S,WD4,AC12
ST4S,WD5,AC12
ST4S,WM1,AC8
ST4S,WM2,AC12
ST4S,WM3,AC8
ST4S,WM3a,AC8
ST4S,WM4,AC12
ST4SB,WC1,AC4
ST4SB,WC10,AC12
ST4SB,WC10a,AC12
ST4SB,WC11,AC4
ST4SB,WC2,AC4
ST4SB,WC2a,AC4
ST4SB,WC3,AC4
ST4SB,WC4,AC4
ST4SB,WC5,AC8
ST4SB,WC6,AC8
ST4SB,WC7,AC8
ST4SB,WC7a,AC8
ST4SB,WC8,AC8
ST4SB,WC9,AC8
ST4SB,WD2,AC8
ST4SB,WD3,AC12
ST4SB,WD4,AC12
ST4SB,WD5,AC12
ST4SB,WM1,AC8
ST4SB,WM2,AC12
ST4SB,WM3,AC8
ST4SB,WM3a,AC8
ST4SB,WM4,AC12
ST5,CA1,AC10
ST5,CA2,AC6
ST5,IH1,AC6
ST5,IH1a,AC6
ST5,IH2,AC6
ST5,IH2a,AC6
ST5,IH3,AC13
ST5,IH4,AC10
ST5,IH4a,AC10
ST5,IH5,AC13
ST5,IH6,AC10
ST5,IH6a,AC10
ST5,IH6b,AC10
ST5,IH7,AC13
ST5,IH8,AC6
ST5,IH9,AC10
ST5,KA1,AC13
ST5,KA2,AC13
ST5,KA3,AC13
ST5,KA4,AC13
ST5,MW1,AC13
ST5,MW10,AC6
ST5,MW11,AC6
ST5,MW12,AC6
ST5,MW2,AC13
ST5,MW2a,AC13
ST5,MW3,AC13
ST5,MW4,AC13
ST5,MW4a,AC13
ST5,MW5,AC13
ST5,MW6,AC13
ST5,MW7,AC10
ST5,MW8,AC10
ST5,MW9,AC6
ST5,OF1,AC13
ST5,OF3,AC13
ST5,OF4,AC13
ST5,OF5,AC13
ST5,OF6,AC13
ST5,OF7,AC13
ST5,OF8,AC13
ST5,OF9,AC13
ST5,OW1,AC2
ST5,OW2,AC2
ST5,SH1,AC10
ST5,SH2,AC10
ST5,SH3,AC10
ST5,SH4,AC10
ST5,SH5,AC10
ST5,SH5a,AC10
ST5,SH5b,AC10
ST5,SH6,AC10
ST5,SH7,AC10
ST5,SH8,AC10
ST5,SP1,AC6
ST5,SP10,AC6
ST5,SP1a,AC6
ST5,SP2,AC6
ST5,SP2a,AC6
ST5,SP3,AC6
ST5,SP4,AC6
ST5,SP4a,AC6
ST5,SP4b,AC6
ST5,SP5,AC6
ST5,SP6,AC6
ST5,SP7,AC6
ST5,SP8,AC6
ST5,SP9,AC6
ST5,TH1,AC13
ST5,TH1a,AC13
ST5,TH2,AC13
ST5,TH2a,AC13
ST5,TH3,AC13
ST5,TH4,AC13
ST5,TH5,AC13
ST5,TH6,AC13
ST5,TH7,AC13
ST5,TH8,AC13
ST5,TH8a,AC13
ST5,TH9,AC13
ST5C,CA1,AC10
ST5C,CA2,AC6
ST5C,IH1,AC6
ST5C,IH1a,AC6
ST5C,IH2,AC6
ST5C,IH2a,AC6
ST5C,IH3,AC13
ST5C,IH4,AC10
ST5C,IH4a,AC10
ST5C,IH5,AC13
ST5C,IH6,AC10
ST5C,IH6a,AC10
ST5C,IH6b,AC10
ST5C,IH7,AC13
ST5C,IH8,AC6
ST5C,IH9,AC10
ST5C,KA1,AC13
ST5C,KA2,AC13
ST5C,KA3,AC13
ST5C,KA4,AC13
ST5C,MW1,AC10
ST5C,MW10,AC6
ST5C,MW11,AC6
ST5C,MW12,AC6
ST5C,MW2,AC10
ST5C,MW2a,AC10
ST5C,MW3,AC10
ST5C,MW4,AC10
ST5C,MW4a,AC10
ST5C,MW5,AC10
ST5C,MW6,AC10
ST5C,MW7,AC10
ST5C,MW8,AC10
ST5C,MW9,AC6
ST5C,OF1,AC13
ST5C,OF3,AC13
ST5C,OF4,AC13
ST5C,OF5,AC13
ST5C,OF6,AC13
ST5C,OF7,AC13
ST5C,OF8,AC13
ST5C,OF9,AC13
ST5C,OW1,AC2
ST5C,OW2,AC2
ST5C,SH1,AC10
ST5C,SH2,AC10
ST5C,SH3,AC10
ST5C,SH4,AC10
ST5C,SH5,AC10
ST5C,SH5a,AC10
ST5C,SH5b,AC10
ST5C,SH6,AC10
ST5C,SH7,AC10
ST5C,SH8,AC10
ST5C,SP1,AC6
ST5C,SP10,AC6
ST5C,SP1a,AC6
ST5C,SP2,AC6
ST5C,SP2a,AC6
ST5C,SP3,AC6
ST5C,SP4,AC6
ST5C,SP4a,AC6
ST5C,SP4b,AC6
ST5C,SP5,AC6
ST5C,SP6,AC6
ST5C,SP7,AC6
ST5C,SP8,AC6
ST5C,SP9,AC6
ST5C,TH1,AC13
ST5C,TH1a,AC13
ST5C,TH2,AC13
ST5C,TH2a,AC13
ST5C,TH3,AC13
ST5C,TH4,AC13
ST5C,TH5,AC13
ST5C,TH6,AC13
ST5C,TH7,AC13
ST5C,TH8,AC13
ST5C,TH8a,AC13
ST5C,TH9,AC13
ST5CS,CA1,AC10
ST5CS,CA2,AC6
ST5CS,IH1,AC6
ST5CS,IH1a,AC6
ST5CS,IH2,AC6
ST5CS,IH2a,AC6
ST5CS,IH3,AC13
ST5CS,IH4,AC10
ST5CS,IH4a,AC10
ST5CS,IH5,AC13
ST5CS,IH6,AC10
ST5CS,IH6a,AC10
ST5CS,IH6b,AC10
ST5CS,IH7,AC13
ST5CS,IH8,AC6
ST5CS,IH9,AC10
ST5CS,KA1,AC13
ST5CS,KA2,AC13
ST5CS,KA3,AC13
ST5CS,KA4,AC13
ST5CS,MW1,AC10
ST5CS,MW10,AC6
ST5CS,MW11,AC6
ST5CS,MW12,AC6
ST5CS,MW2,AC10
ST5CS,MW2a,AC10
ST5CS,MW3,AC10
ST5CS,MW4,AC10
ST5CS,MW4a,AC10
ST5CS,MW5,AC10
ST5CS,MW6,AC10
ST5CS,MW7,AC10
ST5CS,MW8,AC10
ST5CS,MW9,AC6
ST5CS,OW1,AC2
ST5CS,OW2,AC2
ST5CS,SH1,AC10
ST5CS,SH2,AC10
ST5CS,SH3,AC10
ST5CS,SH4,AC10
ST5CS,SH5,AC10
ST5CS,SH5a,AC10
ST5CS,SH5b,AC10
ST5CS,SH6,AC10
ST5CS,SH7,AC10
ST5CS,SH8,AC10
ST5CS,SP1,AC6
ST5CS,SP10,AC6
ST5CS,SP1a,AC6
ST5CS,SP2,AC6
ST5CS,SP2a,AC6
ST5CS,SP3,AC6
ST5CS,SP4,AC6
ST5CS,SP4a,AC6
ST5CS,SP4b,AC6
ST5CS,SP5,AC6
ST5CS,SP6,AC6
ST5CS,SP7,AC6
ST5CS,SP8,AC6
ST5CS,SP9,AC6
ST5CS,TH1,AC13
ST5CS,TH1a,AC13
ST5CS,TH2,AC13
ST5CS,TH2a,AC13
ST5CS,TH3,AC13
ST5CS,TH5,AC13
ST5CS,TH6,AC13
ST5CS,TH7,AC13
ST5CS,TH8,AC13
ST5CS,TH8a,AC13
ST5CS,TH9,AC13
ST5S,CA1,AC10
ST5S,CA2,AC6
ST5S,IH1,AC6
ST5S,IH1a,AC6
ST5S,IH2,AC6
ST5S,IH2a,AC6
ST5S,IH3,AC13
ST5S,IH4,AC10
ST5S,IH4a,AC10
ST5S,IH5,AC13
ST5S,IH6,AC10
ST5S,IH6a,AC10
ST5S,IH6b,AC10
ST5S,IH7,AC13
ST5S,IH8,AC6
ST5S,IH9,AC10
ST5S,KA1,AC13
ST5S,KA2,AC13
ST5S,KA3,AC13
ST5S,KA4,AC13
ST5S,MW1,AC13
ST5S,MW10,AC6
ST5S,MW11,AC6
ST5S,MW12,AC6
ST5S,MW2,AC13
ST5S,MW2a,AC13
ST5S,MW3,AC13
ST5S,MW4,AC13
ST5S,MW4a,AC13
ST5S,MW5,AC13
ST5S,MW6,AC13
ST5S,MW7,AC10
ST5S,MW8,AC10
ST5S,MW9,AC6
ST5S,OW1,AC2
ST5S,OW2,AC2
ST5S,SH1,AC10
ST5S,SH2,AC10
ST5S,SH3,AC10
ST5S,SH4,AC10
ST5S,SH5,AC10
ST5S,SH5a,AC10
ST5S,SH5b,AC10
ST5S,SH6,AC10
ST5S,SH7,AC10
ST5S,SH8,AC10
ST5S,SP1,AC6
ST5S,SP10,AC6
ST5S,SP1a,AC6
ST5S,SP2,AC6
ST5S,SP2a,AC6
ST5S,SP3,AC6
ST5S,SP4,AC6
ST5S,SP4a,AC6
ST5S,SP4b,AC6
ST5S,SP5,AC6
ST5S,SP6,AC6
ST5S,SP7,AC6
ST5S,SP8,AC6
ST5S,SP9,AC6
ST5S,TH1,AC13
ST5S,TH1a,AC13
ST5S,TH2,AC13
ST5S,TH2a,AC13
ST5S,TH3,AC13
ST5S,TH5,AC13
ST5S,TH6,AC13
ST5S,TH7,AC13
ST5S,TH8,AC13
ST5S,TH8a,AC13
ST5S,TH9,AC13
ST6,CA1,AC11
ST6,CA2,AC7
ST6,IH1,AC7
ST6,IH1a,AC7
ST6,IH2,AC7
ST6,IH2a,AC7
ST6,IH3,AC14
ST6,IH4,AC11
ST6,IH4a,AC11
ST6,IH5,AC14
ST6,IH6,AC11
ST6,IH6a,AC11
ST6,IH6b,AC11
ST6,IH7,AC14
ST6,IH8,AC6
ST6,IH9,AC11
ST6,KA1,AC14
ST6,KA2,AC14
ST6,KA3,AC14
ST6,KA4,AC14
ST6,MW1,AC14
ST6,MW10,AC7
ST6,MW11,AC7
ST6,MW12,AC7
ST6,MW13,AC14
ST6,MW2,AC14
ST6,MW2a,AC14
ST6,MW3,AC14
ST6,MW4,AC14
ST6,MW4a,AC14
ST6,MW5,AC14
ST6,MW6,AC14
ST6,MW7,AC11
ST6,MW8,AC11
ST6,MW9,AC7
ST6,OF1,AC14
ST6,OF2,AC14
ST6,OF3,AC14
ST6,OF4,AC14
ST6,OF5,AC14
ST6,OF6,AC14
ST6,OF7,AC14
ST6,OF8,AC14
ST6,OF9,AC14
ST6,OW1,AC3
ST6,OW2,AC3
ST6,SH1,AC11
ST6,SH2,AC11
ST6,SH3,AC11
ST6,SH4,AC11
ST6,SH5,AC11
ST6,SH5a,AC11
ST6,SH5b,AC11
ST6,SH6,AC11
ST6,SH7,AC11
ST6,SH8,AC11
ST6,SP1,AC7
ST6,SP10,AC7
ST6,SP1a,AC7
ST6,SP2,AC7
ST6,SP2a,AC7
ST6,SP3,AC7
ST6,SP4,AC7
ST6,SP4a,AC7
ST6,SP4b,AC7
ST6,SP5,AC7
ST6,SP6,AC7
ST6,SP7,AC7
ST6,SP8,AC7
ST6,SP9,AC7
ST6,TH1,AC14
ST6,TH1a,AC14
ST6,TH2,AC14
ST6,TH2a,AC14
ST6,TH3,AC14
ST6,TH4,AC14
ST6,TH6,AC14
ST6,TH7,AC14
ST6,TH8,AC14
ST6,TH8a,AC14
ST6,TH9,AC14
ST6C,CA1,AC11
ST6C,CA2,AC7
ST6C,IH1,AC7
ST6C,IH1a,AC7
ST6C,IH2,AC7
ST6C,IH2a,AC7
ST6C,IH3,AC14
ST6C,IH4,AC11
ST6C,IH4a,AC11
ST6C,IH5,AC14
ST6C,IH6,AC11
ST6C,IH6a,AC11
ST6C,IH6b,AC11
ST6C,IH7,AC14
ST6C,IH8,AC6
ST6C,IH9,AC11
ST6C,KA1,AC14
ST6C,KA2,AC14
ST6C,KA3,AC14
ST6C,KA4,AC14
ST6C,MW1,AC11
ST6C,MW10,AC7
ST6C,MW11,AC7
ST6C,MW12,AC7
ST6C,MW2,AC11
ST6C,MW2a,AC11
ST6C,MW3,AC11
ST6C,MW4,AC11
ST6C,MW4a,AC11
ST6C,MW5,AC11
ST6C,MW6,AC11
ST6C,MW7,AC11
ST6C,MW8,AC11
ST6C,MW9,AC7
ST6C,OF1,AC14
ST6C,OF2,AC14
ST6C,OF3,AC14
ST6C,OF4,AC14
ST6C,OF5,AC14
ST6C,OF6,AC14
ST6C,OF7,AC14
ST6C,OF8,AC14
ST6C,OF9,AC14
ST6C,OW1,AC3
ST6C,OW2,AC3
ST6C,SH1,AC11
ST6C,SH2,AC11
ST6C,SH3,AC11
ST6C,SH4,AC11
ST6C,SH5,AC11
ST6C,SH5a,AC11
ST6C,SH5b,AC11
ST6C,SH6,AC11
ST6C,SH7,AC11
ST6C,SH8,AC11
ST6C,SP1,AC7
ST6C,SP10,AC7
ST6C,SP1a,AC7
ST6C,SP2,AC7
ST6C,SP2a,AC7
ST6C,SP3,AC7
ST6C,SP4,AC7
ST6C,SP4a,AC7
ST6C,SP4b,AC7
ST6C,SP5,AC7
ST6C,SP6,AC7
ST6C,SP7,AC7
ST6C,SP8,AC7
ST6C,SP9,AC7
ST6C,TH1,AC14
ST6C,TH1a,AC14
ST6C,TH2,AC14
ST6C,TH2a,AC14
ST6C,TH3,AC14
ST6C,TH4,AC14
ST6C,TH6,AC14
ST6C,TH7,AC14
ST6C,TH8,AC14
ST6C,TH8a,AC14
ST6C,TH9,AC14
ST6CS,CA1,AC11
ST6CS,CA2,AC7
ST6CS,IH1,AC7
ST6CS,IH1a,AC7
ST6CS,IH2,AC7
ST6CS,IH2a,AC7
ST6CS,IH3,AC14
ST6CS,IH4,AC11
ST6CS,IH4a,AC11
ST6CS,IH5,AC14
ST6CS,IH6,AC11
ST6CS,IH6a,AC11
ST6CS,IH6b,AC11
ST6CS,IH7,AC14
ST6CS,IH8,AC6
ST6CS,IH9,AC11
ST6CS,KA1,AC14
ST6CS,KA2,AC14
ST6CS,KA3,AC14
ST6CS,KA4,AC14
ST6CS,MW1,AC11
ST6CS,MW10,AC7
ST6CS,MW11,AC7
ST6CS,MW12,AC7
ST6CS,MW2,AC11
ST6CS,MW2a,AC11
ST6CS,MW3,AC11
ST6CS,MW4,AC11
ST6CS,MW4a,AC11
ST6CS,MW5,AC11
ST6CS,MW6,AC11
ST6CS,MW7,AC11
ST6CS,MW8,AC11
ST6CS,MW9,AC7
ST6CS,OW1,AC3
ST6CS,OW2,AC3
ST6CS,SH1,AC11
ST6CS,SH2,AC11
ST6CS,SH3,AC11
ST6CS,SH4,AC11
ST6CS,SH5,AC11
ST6CS,SH5a,AC11
ST6CS,SH5b,AC11
ST6CS,SH6,AC11
ST6CS,SH7,AC11
ST6CS,SH8,AC11
ST6CS,SP1,AC7
ST6CS,SP10,AC7
ST6CS,SP1a,AC7
ST6CS,SP2,AC7
ST6CS,SP2a,AC7
ST6CS,SP3,AC7
ST6CS,SP4,AC7
ST6CS,SP4a,AC7
ST6CS,SP4b,AC7
ST6CS,SP5,AC7
ST6CS,SP6,AC7
ST6CS,SP7,AC7
ST6CS,SP8,AC7
ST6CS,SP9,AC7
ST6CS,TH1,AC14
ST6CS,TH1a,AC14
ST6CS,TH2,AC14
ST6CS,TH2a,AC14
ST6CS,TH3,AC14
ST6CS,TH6,AC14
ST6CS,TH7,AC14
ST6CS,TH8,AC14
ST6CS,TH8a,AC14
ST6CS,TH9,AC14
ST6S,CA1,AC11
ST6S,CA2,AC7
ST6S,IH1,AC7
ST6S,IH1a,AC7
ST6S,IH2,AC7
ST6S,IH2a,AC7
ST6S,IH3,AC14
ST6S,IH4,AC11
ST6S,IH4a,AC11
ST6S,IH5,AC14
ST6S,IH6,AC11
ST6S,IH6a,AC11
ST6S,IH6b,AC11
ST6S,IH7,AC14
ST6S,IH8,AC6
ST6S,IH9,AC11
ST6S,KA1,AC14
ST6S,KA2,AC14
ST6S,KA3,AC14
ST6S,KA4,AC14
ST6S,MW1,AC14
ST6S,MW10,AC7
ST6S,MW11,AC7
ST6S,MW12,AC7
ST6S,MW13,AC14
ST6S,MW2,AC14
ST6S,MW2a,AC14
ST6S,MW3,AC14
ST6S,MW4,AC14
ST6S,MW4a,AC14
ST6S,MW5,AC14
ST6S,MW6,AC14
ST6S,MW7,AC11
ST6S,MW8,AC11
ST6S,MW9,AC7
ST6S,OW1,AC3
ST6S,OW2,AC3
ST6S,SH1,AC11
ST6S,SH2,AC11
ST6S,SH3,AC11
ST6S,SH4,AC11
ST6S,SH5,AC11
ST6S,SH5a,AC11
ST6S,SH5b,AC11
ST6S,SH6,AC11
ST6S,SH7,AC11
ST6S,SH8,AC11
ST6S,SP1,AC7
ST6S,SP10,AC7
ST6S,SP1a,AC7
ST6S,SP2,AC7
ST6S,SP2a,AC7
ST6S,SP3,AC7
ST6S,SP4,AC7
ST6S,SP4a,AC7
ST6S,SP4b,AC7
ST6S,SP5,AC7
ST6S,SP6,AC7
ST6S,SP7,AC7
ST6S,SP8,AC7
ST6S,SP9,AC7
ST6S,TH1,AC14
ST6S,TH1a,AC14
ST6S,TH2,AC14
ST6S,TH2a,AC14
ST6S,TH3,AC14
ST6S,TH6,AC14
ST6S,TH7,AC14
ST6S,TH8,AC14
ST6S,TH8a,AC14
ST6S,TH9,AC14
ST7,OF2,AC14
ST7,OF5,AC14
ST7,OF6,AC14
ST7,TH4,AC14
ST7,WC1,AC4
ST7,WC10,AC12
ST7,WC10a,AC12
ST7,WC11,AC4
ST7,WC2,AC4
ST7,WC2a,AC4
ST7,WC3,AC4
ST7,WC4,AC4
ST7,WC5,AC12
ST7,WC6,AC8
ST7,WC7,AC8
ST7,WC7a,AC8
ST7,WC8,AC12
ST7,WC9,AC12
ST7,WD1,AC15
ST7,WD2,AC8
ST7,WD3,AC12
ST7,WD4,AC12
ST7,WD5,AC12
ST7,WM1,AC8
ST7,WM2,AC12
ST7,WM3,AC8
ST7,WM3a,AC8
ST7,WM4,AC12
ST7,WM5,AC15
ST7S,WC1,AC4
ST7S,WC10,AC12
ST7S,WC10a,AC12
ST7S,WC11,AC4
ST7S,WC2,AC4
ST7S,WC2a,AC4
ST7S,WC3,AC4
ST7S,WC4,AC4
ST7S,WC5,AC12
ST7S,WC6,AC8
ST7S,WC7,AC8
ST7S,WC7a,AC8
ST7S,WC8,AC12
ST7S,WC9,AC12
ST7S,WD1,AC15
ST7S,WD2,AC8
ST7S,WD3,AC12
ST7S,WD4,AC12
ST7S,WD5,AC12
ST7S,WM1,AC8
ST7S,WM2,AC12
ST7S,WM3,AC8
ST7S,WM3a,AC8
ST7S,WM4,AC12
ST7S,WM5,AC15
ST8,CA1,AC13
ST8,FP1,AC16
ST8,FP2,AC16
ST8,FP3,AC16
ST8,FP4,AC16
ST8,FP5,AC16
ST8,FP6,AC16
ST8,FP7,AC16
ST8,FP8,AC16
ST8,FP9,AC16
ST8,IH3,AC13
ST8,IH4,AC13
ST8,IH4a,AC13
ST8,IH5,AC13
ST8,IH6,AC13
ST8,IH6a,AC13
ST8,IH6b,AC13
ST8,IH7,AC13
ST8,IH9,AC13
ST8,KA1,AC13
ST8,KA2,AC13
ST8,KA3,AC13
ST8,KA4,AC13
ST8,MW1,AC13
ST8,MW2,AC13
ST8,MW2a,AC13
ST8,MW3,AC13
ST8,MW4,AC13
ST8,MW4a,AC13
ST8,MW5,AC13
ST8,MW6,AC13
ST8,MW7,AC10
ST8,MW8,AC10
ST8,OF1,AC13
ST8,OF3,AC13
ST8,OF4,AC13
ST8,OF5,AC13
ST8,OF6,AC13
ST8,OF7,AC13
ST8,OF8,AC13
ST8,OF9,AC13
ST8,OW5,AC13
ST8,SH1,AC13
ST8,SH2,AC13
ST8,SH3,AC13
ST8,SH5,AC13
ST8,SH5a,AC13
ST8,SH5b,AC13
ST8,SH6,AC13
ST8,SH7,AC13
ST8,SH8,AC13
ST8,TH1,AC13
ST8,TH1a,AC13
ST8,TH2,AC13
ST8,TH2a,AC13
ST8,TH3,AC13
ST8,TH4,AC13
ST8,TH5,AC13
ST8,TH6,AC13
ST8,TH7,AC13
ST8,TH8,AC13
ST8,TH8a,AC13
ST8,TH9,AC13
ST8B,CA1,AC13
ST8B,IH3,AC13
ST8B,IH4,AC13
ST8B,IH4a,AC13
ST8B,IH5,AC13
ST8B,IH6,AC13
ST8B,IH6a,AC13
ST8B,IH6b,AC13
ST8B,IH7,AC13
ST8B,IH9,AC13
ST8B,KA1,AC13
ST8B,KA2,AC13
ST8B,KA3,AC13
ST8B,KA4,AC13
ST8B,MW1,AC13
ST8B,MW2,AC13
ST8B,MW2a,AC13
ST8B,MW3,AC13
ST8B,MW4,AC13
ST8B,MW4a,AC13
ST8B,MW5,AC13
ST8B,MW6,AC13
ST8B,MW7,AC10
ST8B,MW8,AC10
ST8B,OW5,AC13
ST8B,SH1,AC13
ST8B,SH2,AC13
ST8B,SH3,AC13
ST8B,SH5,AC13
ST8B,SH5a,AC13
ST8B,SH5b,AC13
ST8B,SH6,AC13
ST8B,SH7,AC13
ST8B,SH8,AC13
ST8B,TH1,AC13
ST8B,TH1a,AC13
ST8B,TH2,AC13
ST8B,TH2a,AC13
ST8B,TH3,AC13
ST8B,TH4,AC13
ST8B,TH5,AC13
ST8B,TH6,AC13
ST8B,TH7,AC13
ST8B,TH8,AC13
ST8B,TH8a,AC13
ST8B,TH9,AC13
ST8C,CA1,AC10
ST8C,FP1,AC16
ST8C,FP2,AC16
ST8C,FP3,AC16
ST8C,FP4,AC16
ST8C,FP5,AC16
ST8C,FP6,AC16
ST8C,FP7,AC16
ST8C,FP8,AC16
ST8C,FP9,AC16
ST8C,IH4,AC10
ST8C,IH4a,AC10
ST8C,IH6,AC10
ST8C,IH6a,AC10
ST8C,IH6b,AC10
ST8C,IH7,AC10
ST8C,KA1,AC13
ST8C,KA2,AC13
ST8C,KA3,AC13
ST8C,KA4,AC13
ST8C,MW1,AC10
ST8C,MW2,AC10
ST8C,MW2a,AC10
ST8C,MW3,AC10
ST8C,MW4,AC10
ST8C,MW4a,AC10
ST8C,MW5,AC10
ST8C,MW6,AC10
ST8C,MW7,AC10
ST8C,MW8,AC10
ST8C,OF1,AC13
ST8C,OF3,AC13
ST8C,OF4,AC13
ST8C,OF5,AC13
ST8C,OF6,AC13
ST8C,OF7,AC13
ST8C,OF8,AC13
ST8C,OF9,AC13
ST8C,OW5,AC13
ST8C,SH1,AC10
ST8C,SH2,AC10
ST8C,SH3,AC10
ST8C,SH5,AC10
ST8C,SH5b,AC10
ST8C,SH6,AC10
ST8C,SH7,AC10
ST8C,SH8,AC10
ST8C,TH1,AC13
ST8C,TH1a,AC13
ST8C,TH2,AC13
ST8C,TH2a,AC13
ST8C,TH3,AC13
ST8C,TH4,AC13
ST8C,TH5,AC13
ST8C,TH6,AC13
ST8C,TH7,AC13
ST8C,TH8,AC13
ST8C,TH8a,AC13
ST8C,TH9,AC13
ST8CB,CA1,AC10
ST8CB,IH4,AC10
ST8CB,IH4a,AC10
ST8CB,IH6,AC10
ST8CB,IH6a,AC10
ST8CB,IH6b,AC10
ST8CB,IH7,AC10
ST8CB,KA1,AC13
ST8CB,KA2,AC13
ST8CB,KA3,AC13
ST8CB,KA4,AC13
ST8CB,MW1,AC10
ST8CB,MW2,AC10
ST8CB,MW2a,AC10
ST8CB,MW3,AC10
ST8CB,MW4,AC10
ST8CB,MW4a,AC10
ST8CB,MW5,AC10
ST8CB,MW6,AC10
ST8CB,MW7,AC10
ST8CB,MW8,AC10
ST8CB,OW5,AC13
ST8CB,SH1,AC10
ST8CB,SH2,AC10
ST8CB,SH3,AC10
ST8CB,SH5,AC10
ST8CB,SH5b,AC10
ST8CB,SH6,AC10
ST8CB,SH7,AC10
ST8CB,SH8,AC10
ST8CB,TH1,AC13
ST8CB,TH1a,AC13
ST8CB,TH2,AC13
ST8CB,TH2a,AC13
ST8CB,TH3,AC13
ST8CB,TH4,AC13
ST8CB,TH5,AC13
ST8CB,TH6,AC13
ST8CB,TH7,AC13
ST8CB,TH8,AC13
ST8CB,TH8a,AC13
ST8CB,TH9,AC13
ST8CS,CA1,AC10
ST8CS,IH4,AC10
ST8CS,IH4a,AC10
ST8CS,IH6,AC10
ST8CS,IH6a,AC10
ST8CS,IH6b,AC10
ST8CS,IH7,AC10
ST8CS,KA1,AC13
ST8CS,KA2,AC13
ST8CS,KA3,AC13
ST8CS,KA4,AC13
ST8CS,MW1,AC10
ST8CS,MW2,AC10
ST8CS,MW2a,AC10
ST8CS,MW3,AC10
ST8CS,MW4,AC10
ST8CS,MW4a,AC10
ST8CS,MW5,AC10
ST8CS,MW6,AC10
ST8CS,MW7,AC10
ST8CS,MW8,AC10
ST8CS,OW5,AC13
ST8CS,SH1,AC10
ST8CS,SH2,AC10
ST8CS,SH3,AC10
ST8CS,SH5,AC10
ST8CS,SH5b,AC10
ST8CS,SH6,AC10
ST8CS,SH7,AC10
ST8CS,SH8,AC10
ST8CS,TH1,AC13
ST8CS,TH1a,AC13
ST8CS,TH2,AC13
ST8CS,TH2a,AC13
ST8CS,TH3,AC13
ST8CS,TH5,AC13
ST8CS,TH6,AC13
ST8CS,TH7,AC13
ST8CS,TH8,AC13
ST8CS,TH8a,AC13
ST8CS,TH9,AC13
ST8CSB,CA1,AC10
ST8CSB,IH4,AC10
ST8CSB,IH4a,AC10
ST8CSB,IH6,AC10
ST8CSB,IH6a,AC10
ST8CSB,IH6b,AC10
ST8CSB,IH7,AC10
ST8CSB,KA1,AC13
ST8CSB,KA2,AC13
ST8CSB,KA3,AC13
ST8CSB,KA4,AC13
ST8CSB,MW1,AC10
ST8CSB,MW2,AC10
ST8CSB,MW2a,AC10
ST8CSB,MW3,AC10
ST8CSB,MW4,AC10
ST8CSB,MW4a,AC10
ST8CSB,MW5,AC10
ST8CSB,MW6,AC10
ST8CSB,MW7,AC10
ST8CSB,MW8,AC10
ST8CSB,OW5,AC13
ST8CSB,SH1,AC10
ST8CSB,SH2,AC10
ST8CSB,SH3,AC10
ST8CSB,SH5,AC10
ST8CSB,SH5b,AC10
ST8CSB,SH6,AC10
ST8CSB,SH7,AC10
ST8CSB,SH8,AC10
ST8CSB,TH1,AC13
ST8CSB,TH1a,AC13
ST8CSB,TH2,AC13
ST8CSB,TH2a,AC13
ST8CSB,TH3,AC13
ST8CSB,TH5,AC13
ST8CSB,TH6,AC13
ST8CSB,TH7,AC13
ST8CSB,TH8,AC13
ST8CSB,TH8a,AC13
ST8CSB,TH9,AC13
ST8S,CA1,AC13
ST8S,IH3,AC13
ST8S,IH4,AC13
ST8S,IH4a,AC13
ST8S,IH5,AC13
ST8S,IH6,AC13
ST8S,IH6a,AC13
ST8S,IH6b,AC13
ST8S,IH7,AC13
ST8S,IH9,AC13
ST8S,KA1,AC13
ST8S,KA2,AC13
ST8S,KA3,AC13
ST8S,KA4,AC13
ST8S,MW1,AC13
ST8S,MW2,AC13
ST8S,MW2a,AC13
ST8S,MW3,AC13
ST8S,MW4,AC13
ST8S,MW4a,AC13
ST8S,MW5,AC13
ST8S,MW6,AC13
ST8S,MW7,AC10
ST8S,MW8,AC10
ST8S,OW5,AC13
ST8S,SH1,AC13
ST8S,SH2,AC13
ST8S,SH3,AC13
ST8S,SH5,AC13
ST8S,SH5a,AC13
ST8S,SH5b,AC13
ST8S,SH6,AC13
ST8S,SH7,AC13
ST8S,SH8,AC13
ST8S,TH1,AC13
ST8S,TH1a,AC13
ST8S,TH2,AC13
ST8S,TH2a,AC13
ST8S,TH3,AC13
ST8S,TH5,AC13
ST8S,TH6,AC13
ST8S,TH7,AC13
ST8S,TH8,AC13
ST8S,TH8a,AC13
ST8S,TH9,AC13
ST8SB,CA1,AC13
ST8SB,IH3,AC13
ST8SB,IH4,AC13
ST8SB,IH4a,AC13
ST8SB,IH5,AC13
ST8SB,IH6,AC13
ST8SB,IH6a,AC13
ST8SB,IH6b,AC13
ST8SB,IH7,AC13
ST8SB,IH9,AC13
ST8SB,KA1,AC13
ST8SB,KA2,AC13
ST8SB,KA3,AC13
ST8SB,KA4,AC13
ST8SB,MW1,AC13
ST8SB,MW2,AC13
ST8SB,MW2a,AC13
ST8SB,MW3,AC13
ST8SB,MW4,AC13
ST8SB,MW4a,AC13
ST8SB,MW5,AC13
ST8SB,MW6,AC13
ST8SB,MW7,AC10
ST8SB,MW8,AC10
ST8SB,OW5,AC13
ST8SB,SH1,AC13
ST8SB,SH2,AC13
ST8SB,SH3,AC13
ST8SB,SH5,AC13
ST8SB,SH5a,AC13
ST8SB,SH5b,AC13
ST8SB,SH6,AC13
ST8SB,SH7,AC13
ST8SB,SH8,AC13
ST8SB,TH1,AC13
ST8SB,TH1a,AC13
ST8SB,TH2,AC13
ST8SB,TH2a,AC13
ST8SB,TH3,AC13
ST8SB,TH5,AC13
ST8SB,TH6,AC13
ST8SB,TH7,AC13
ST8SB,TH8,AC13
ST8SB,TH8a,AC13
ST8SB,TH9,AC13
ST9,CA1,AC14
ST9,FP1,AC17
ST9,FP2,AC17
ST9,FP3,AC17
ST9,FP4,AC17
ST9,FP5,AC17
ST9,FP6,AC17
ST9,FP7,AC17
ST9,FP8,AC17
ST9,FP9,AC17
ST9,IH3,AC14
ST9,IH4,AC14
ST9,IH4a,AC14
ST9,IH5,AC14
ST9,IH6,AC14
ST9,IH6a,AC14
ST9,IH6b,AC14
ST9,IH7,AC14
ST9,IH9,AC14
ST9,KA1,AC14
ST9,KA2,AC14
ST9,KA3,AC14
ST9,KA4,AC14
ST9,MW1,AC14
ST9,MW13,AC14
ST9,MW2,AC14
ST9,MW2a,AC14
ST9,MW3,AC14
ST9,MW4,AC14
ST9,MW4a,AC14
ST9,MW5,AC14
ST9,MW6,AC14
ST9,MW7,AC11
ST9,MW8,AC11
ST9,OF1,AC14
ST9,OF2,AC14
ST9,OF3,AC14
ST9,OF4,AC14
ST9,OF5,AC14
ST9,OF6,AC14
ST9,OF7,AC14
ST9,OF8,AC14
ST9,OF9,AC14
ST9,OW5,AC14
ST9,SH1,AC14
ST9,SH2,AC14
ST9,SH3,AC14
ST9,SH5,AC14
ST9,SH5a,AC14
ST9,SH5b,AC14
ST9,SH6,AC14
ST9,SH7,AC14
ST9,SH8,AC14
ST9,TH1,AC14
ST9,TH1a,AC14
ST9,TH2,AC14
ST9,TH2a,AC14
ST9,TH3,AC14
ST9,TH4,AC14
ST9,TH6,AC14
ST9,TH7,AC14
ST9,TH8,AC14
ST9,TH8a,AC14
ST9,TH9,AC14
ST9B,CA1,AC14
ST9B,IH3,AC14
ST9B,IH4,AC14
ST9B,IH4a,AC14
ST9B,IH5,AC14
ST9B,IH6,AC14
ST9B,IH6a,AC14
ST9B,IH6b,AC14
ST9B,IH7,AC14
ST9B,IH9,AC14
ST9B,KA1,AC14
ST9B,KA2,AC14
ST9B,KA3,AC14
ST9B,KA4,AC14
ST9B,MW1,AC14
ST9B,MW2,AC14
ST9B,MW2a,AC14
ST9B,MW3,AC14
ST9B,MW4,AC14
ST9B,MW4a,AC14
ST9B,MW5,AC14
ST9B,MW6,AC14
ST9B,MW7,AC11
ST9B,MW8,AC11
ST9B,OW5,AC14
ST9B,SH1,AC14
ST9B,SH2,AC14
ST9B,SH3,AC14
ST9B,SH5,AC14
ST9B,SH5a,AC14
ST9B,SH5b,AC14
ST9B,SH6,AC14
ST9B,SH7,AC14
ST9B,SH8,AC14
ST9B,TH1,AC14
ST9B,TH1a,AC14
ST9B,TH2,AC14
ST9B,TH2a,AC14
ST9B,TH3,AC14
ST9B,TH4,AC14
ST9B,TH6,AC14
ST9B,TH7,AC14
ST9B,TH8,AC14
ST9B,TH8a,AC14
ST9B,TH9,AC14
ST9C,CA1,AC11
ST9C,FP1,AC17
ST9C,FP2,AC17
ST9C,FP3,AC17
ST9C,FP4,AC17
ST9C,FP5,AC17
ST9C,FP6,AC17
ST9C,FP7,AC17
ST9C,FP8,AC17
ST9C,FP9,AC17
ST9C,IH4,AC11
ST9C,IH4a,AC11
ST9C,IH6,AC11
ST9C,IH6a,AC11
ST9C,IH6b,AC11
ST9C,IH7,AC11
ST9C,KA1,AC14
ST9C,KA2,AC14
ST9C,KA3,AC14
ST9C,KA4,AC14
ST9C,MW1,AC11
ST9C,MW2,AC11
ST9C,MW2a,AC11
ST9C,MW3,AC11
ST9C,MW4,AC11
ST9C,MW4a,AC11
ST9C,MW5,AC11
ST9C,MW6,AC11
ST9C,MW7,AC11
ST9C,MW8,AC11
ST9C,OF1,AC14
ST9C,OF2,AC14
ST9C,OF3,AC14
ST9C,OF4,AC14
ST9C,OF5,AC14
ST9C,OF6,AC14
ST9C,OF7,AC14
ST9C,OF8,AC14
ST9C,OF9,AC14
ST9C,OW5,AC14
ST9C,SH1,AC11
ST9C,SH2,AC11
ST9C,SH3,AC11
ST9C,SH5,AC11
ST9C,SH5a,AC11
ST9C,SH5b,AC11
ST9C,SH6,AC11
ST9C,SH7,AC11
ST9C,SH8,AC11
ST9C,TH1,AC14
ST9C,TH1a,AC14
ST9C,TH2,AC14
ST9C,TH2a,AC14
ST9C,TH3,AC14
ST9C,TH4,AC14
ST9C,TH6,AC14
ST9C,TH7,AC14
ST9C,TH8,AC14
ST9C,TH8a,AC14
ST9C,TH9,AC14
ST9CB,CA1,AC11
ST9CB,IH4,AC11
ST9CB,IH4a,AC11
ST9CB,IH6,AC11
ST9CB,IH6a,AC11
ST9CB,IH6b,AC11
ST9CB,IH7,AC11
ST9CB,KA1,AC14
ST9CB,KA2,AC14
ST9CB,KA3,AC14
ST9CB,KA4,AC14
ST9CB,MW1,AC11
ST9CB,MW2,AC11
ST9CB,MW2a,AC11
ST9CB,MW3,AC11
ST9CB,MW4,AC11
ST9CB,MW4a,AC11
ST9CB,MW5,AC11
ST9CB,MW6,AC11
ST9CB,MW7,AC11
ST9CB,MW8,AC11
ST9CB,OW5,AC14
ST9CB,SH1,AC11
ST9CB,SH2,AC11
ST9CB,SH3,AC11
ST9CB,SH5,AC11
ST9CB,SH5a,AC11
ST9CB,SH5b,AC11
ST9CB,SH6,AC11
ST9CB,SH7,AC11
ST9CB,SH8,AC11
ST9CB,TH1,AC14
ST9CB,TH1a,AC14
ST9CB,TH2,AC14
ST9CB,TH2a,AC14
ST9CB,TH3,AC14
ST9CB,TH4,AC14
ST9CB,TH6,AC14
ST9CB,TH7,AC14
ST9CB,TH8,AC14
ST9CB,TH8a,AC14
ST9CB,TH9,AC14
ST9CS,CA1,AC11
ST9CS,IH4,AC11
ST9CS,IH4a,AC11
ST9CS,IH6,AC11
ST9CS,IH6a,AC11
ST9CS,IH6b,AC11
ST9CS,IH7,AC11
ST9CS,KA1,AC14
ST9CS,KA2,AC14
ST9CS,KA3,AC14
ST9CS,KA4,AC14
ST9CS,MW1,AC11
ST9CS,MW2,AC11
ST9CS,MW2a,AC11
ST9CS,MW3,AC11
ST9CS,MW4,AC11
ST9CS,MW4a,AC11
ST9CS,MW5,AC11
ST9CS,MW6,AC11
ST9CS,MW7,AC11
ST9CS,MW8,AC11
ST9CS,OW5,AC14
ST9CS,SH1,AC11
ST9CS,SH2,AC11
ST9CS,SH3,AC11
ST9CS,SH5,AC11
ST9CS,SH5a,AC11
ST9CS,SH5b,AC11
ST9CS,SH6,AC11
ST9CS,SH7,AC11
ST9CS,SH8,AC11
ST9CS,TH1,AC14
ST9CS,TH1a,AC14
ST9CS,TH2,AC14
ST9CS,TH2a,AC14
ST9CS,TH3,AC14
ST9CS,TH6,AC14
ST9CS,TH7,AC14
ST9CS,TH8,AC14
ST9CS,TH8a,AC14
ST9CS,TH9,AC14
ST9CSB,CA1,AC11
ST9CSB,IH4,AC11
ST9CSB,IH4a,AC11
ST9CSB,IH6,AC11
ST9CSB,IH6a,AC11
ST9CSB,IH6b,AC11
ST9CSB,IH7,AC11
ST9CSB,KA1,AC14
ST9CSB,KA2,AC14
ST9CSB,KA3,AC14
ST9CSB,KA4,AC14
ST9CSB,MW1,AC11
ST9CSB,MW2,AC11
ST9CSB,MW2a,AC11
ST9CSB,MW3,AC11
ST9CSB,MW4,AC11
ST9CSB,MW4a,AC11
ST9CSB,MW5,AC11
ST9CSB,MW6,AC11
ST9CSB,MW7,AC11
ST9CSB,MW8,AC11
ST9CSB,OW5,AC14
ST9CSB,SH1,AC11
ST9CSB,SH2,AC11
ST9CSB,SH3,AC11
ST9CSB,SH5,AC11
ST9CSB,SH5a,AC11
ST9CSB,SH5b,AC11
ST9CSB,SH6,AC11
ST9CSB,SH7,AC11
ST9CSB,SH8,AC11
ST9CSB,TH1,AC14
ST9CSB,TH1a,AC14
ST9CSB,TH2,AC14
ST9CSB,TH2a,AC14
ST9CSB,TH3,AC14
ST9CSB,TH6,AC14
ST9CSB,TH7,AC14
ST9CSB,TH8,AC14
ST9CSB,TH8a,AC14
ST9CSB,TH9,AC14
ST9S,CA1,AC14
ST9S,IH3,AC14
ST9S,IH4,AC14
ST9S,IH4a,AC14
ST9S,IH5,AC14
ST9S,IH6,AC14
ST9S,IH6a,AC14
ST9S,IH6b,AC14
ST9S,IH7,AC14
ST9S,IH9,AC14
ST9S,KA1,AC14
ST9S,KA2,AC14
ST9S,KA3,AC14
ST9S,KA4,AC14
ST9S,MW1,AC14
ST9S,MW13,AC14
ST9S,MW2,AC14
ST9S,MW2a,AC14
ST9S,MW3,AC14
ST9S,MW4,AC14
ST9S,MW4a,AC14
ST9S,MW5,AC14
ST9S,MW6,AC14
ST9S,MW7,AC11
ST9S,MW8,AC11
ST9S,OW5,AC14
ST9S,SH1,AC14
ST9S,SH2,AC14
ST9S,SH3,AC14
ST9S,SH5,AC14
ST9S,SH5a,AC14
ST9S,SH5b,AC14
ST9S,SH6,AC14
ST9S,SH7,AC14
ST9S,SH8,AC14
ST9S,TH1,AC14
ST9S,TH1a,AC14
ST9S,TH2,AC14
ST9S,TH2a,AC14
ST9S,TH3,AC14
ST9S,TH6,AC14
ST9S,TH7,AC14
ST9S,TH8,AC14
ST9S,TH8a,AC14
ST9S,TH9,AC14
ST9SB,CA1,AC14
ST9SB,IH3,AC14
ST9SB,IH4,AC14
ST9SB,IH4a,AC14
ST9SB,IH5,AC14
ST9SB,IH6,AC14
ST9SB,IH6a,AC14
ST9SB,IH6b,AC14
ST9SB,IH7,AC14
ST9SB,IH9,AC14
ST9SB,KA1,AC14
ST9SB,KA2,AC14
ST9SB,KA3,AC14
ST9SB,KA4,AC14
ST9SB,MW1,AC14
ST9SB,MW2,AC14
ST9SB,MW2a,AC14
ST9SB,MW3,AC14
ST9SB,MW4,AC14
ST9SB,MW4a,AC14
ST9SB,MW5,AC14
ST9SB,MW6,AC14
ST9SB,MW7,AC11
ST9SB,MW8,AC11
ST9SB,OW5,AC14
ST9SB,SH1,AC14
ST9SB,SH2,AC14
ST9SB,SH3,AC14
ST9SB,SH5,AC14
ST9SB,SH5a,AC14
ST9SB,SH5b,AC14
ST9SB,SH6,AC14
ST9SB,SH7,AC14
ST9SB,SH8,AC14
ST9SB,TH1,AC14
ST9SB,TH1a,AC14
ST9SB,TH2,AC14
ST9SB,TH2a,AC14
ST9SB,TH3,AC14
ST9SB,TH6,AC14
ST9SB,TH7,AC14
ST9SB,TH8,AC14
ST9SB,TH8a,AC14
ST9SB,TH9,AC14
ST1,CB1,MB2
ST1,CB2,MB5
ST1,CB2a,MB5
ST1,CB3,MB5
ST1,CB5,MB1
ST1,CB6,MB1
ST1,HL1,MB5
ST1,HL2,MB5
ST1,HL5,MB5
ST1,HL6,MB1
ST1,OW1,MB1
ST1,OW2,MB1
ST10,WB2,MB10
ST10S,WB2,MB10
ST11,OF1,MB8
ST11,OF4,MB8
ST12,OF1,MB9
ST12,OF2,MB9
ST12,OF4,MB9
ST13,OF2,MB9
ST13,WB2,MB10
ST13S,WB2,MB10
ST14,WB1,MB4
ST14,WB2,MB7
ST14,WB3,MB4
ST14,WC11,MB4
ST14,WC3,MB4
ST14,WC6,MB7
ST14,WC7,MB4
ST14B,WB1,MB4
ST14B,WC11,MB4
ST14B,WC3,MB4
ST14B,WC6,MB7
ST14B,WC7,MB4
ST14S,WB1,MB4
ST14S,WB2,MB7
ST14S,WB3,MB4
ST14S,WC11,MB4
ST14S,WC3,MB4
ST14S,WC6,MB7
ST14S,WC7,MB4
ST14SB,WB1,MB4
ST14SB,WC11,MB4
ST14SB,WC3,MB4
ST14SB,WC6,MB7
ST14SB,WC7,MB4
ST14U,CB1,MB3
ST14U,CB2,MB6
ST14U,CB2a,MB6
ST14U,CB3,MB6
ST14U,CB4,MB6
ST14U,HL1,MB6
ST14U,HL2,MB6
ST14U,HL3,MB9
ST14U,HL4,MB9
ST14U,HL5,MB6
ST14U,HL6,MB3
ST14U,HL7,MB3
ST14UB,CB1,MB3
ST14UB,CB2,MB6
ST14UB,CB2a,MB6
ST14UB,CB3,MB6
ST14UB,CB4,MB6
ST14US,CB1,MB3
ST14US,CB2,MB6
ST14US,CB2a,MB6
ST14US,CB3,MB6
ST14US,CB4,MB6
ST14US,HL1,MB6
ST14US,HL2,MB6
ST14US,HL3,MB9
ST14US,HL4,MB9
ST14US,HL5,MB6
ST14US,HL6,MB3
ST14US,HL7,MB3
ST14USB,CB1,MB3
ST14USB,CB2,MB6
ST14USB,CB2a,MB6
ST14USB,CB3,MB6
ST14USB,CB4,MB6
ST15,CB1,MB2
ST15,CB2,MB5
ST15,CB2a,MB5
ST15,CB3,MB5
ST15,CB4,MB5
ST15,HL1,MB5
ST15,HL2,MB5
ST15,HL3,MB8
ST15,HL4,MB8
ST15,HL5,MB5
ST15,HL6,MB2
ST15,HL7,MB2
ST15,OW1,MB1
ST15,OW2,MB1
ST15B,CB1,MB2
ST15B,CB2,MB5
ST15B,CB2a,MB5
ST15B,CB3,MB5
ST15B,CB4,MB5
ST15B,OW1,MB1
ST15B,OW2,MB1
ST15C,CB1,MB2
ST15C,CB2,MB5
ST15C,CB2a,MB5
ST15C,CB3,MB5
ST15C,CB4,MB5
ST15C,HL1,MB5
ST15C,HL2,MB5
ST15C,HL5,MB5
ST15C,HL6,MB2
ST15C,HL7,MB2
ST15C,OW1,MB1
ST15C,OW2,MB1
ST15CB,CB1,MB2
ST15CB,CB2,MB5
ST15CB,CB2a,MB5
ST15CB,CB3,MB5
ST15CB,CB4,MB5
ST15CB,OW1,MB1
ST15CB,OW2,MB1
ST15CS,CB1,MB2
ST15CS,CB2,MB5
ST15CS,CB2a,MB5
ST15CS,CB3,MB5
ST15CS,CB4,MB5
ST15CS,HL1,MB5
ST15CS,HL2,MB5
ST15CS,HL5,MB5
ST15CS,HL6,MB2
ST15CS,HL7,MB2
ST15CS,OW1,MB1
ST15CS,OW2,MB1
ST15CSB,CB1,MB2
ST15CSB,CB2,MB5
ST15CSB,CB2a,MB5
ST15CSB,CB3,MB5
ST15CSB,CB4,MB5
ST15CSB,OW1,MB1
ST15CSB,OW2,MB1
ST15L,CB1,MB2
ST15L,CB2,MB5
ST15L,CB2a,MB5
ST15L,CB3,MB5
ST15L,CB4,MB5
ST15L,HL1,MB5
ST15L,HL2,MB5
ST15L,HL3,MB8
ST15L,HL4,MB8
ST15L,HL5,MB5
ST15L,HL6,MB2
ST15L,HL7,MB2
ST15L,OW1,MB1
ST15L,OW2,MB1
ST15LB,CB1,MB2
ST15LB,CB2,MB5
ST15LB,CB2a,MB5
ST15LB,CB3,MB5
ST15LB,CB4,MB5
ST15LB,OW1,MB1
ST15LB,OW2,MB1
ST15LS,CB1,MB2
ST15LS,CB2,MB5
ST15LS,CB2a,MB5
ST15LS,CB3,MB5
ST15LS,CB4,MB5
ST15LS,HL1,MB5
ST15LS,HL2,MB5
ST15LS,HL3,MB8
ST15LS,HL4,MB8
ST15LS,HL5,MB5
ST15LS,HL6,MB2
ST15LS,HL7,MB2
ST15LS,OW1,MB1
ST15LS,OW2,MB1
ST15LSB,CB1,MB2
ST15LSB,CB2,MB5
ST15LSB,CB2a,MB5
ST15LSB,CB3,MB5
ST15LSB,CB4,MB5
ST15LSB,OW1,MB1
ST15LSB,OW2,MB1
ST15S,CB1,MB2
ST15S,CB2,MB5
ST15S,CB2a,MB5
ST15S,CB3,MB5
ST15S,CB4,MB5
ST15S,HL1,MB5
ST15S,HL2,MB5
ST15S,HL3,MB8
ST15S,HL4,MB8
ST15S,HL5,MB5
ST15S,HL6,MB2
ST15S,HL7,MB2
ST15S,OW1,MB1
ST15S,OW2,MB1
ST15SB,CB1,MB2
ST15SB,CB2,MB5
ST15SB,CB2a,MB5
ST15SB,CB3,MB5
ST15SB,CB4,MB5
ST15SB,OW1,MB1
ST15SB,OW2,MB1
ST16,CB1,MB3
ST16,CB2,MB6
ST16,CB2a,MB6
ST16,CB3,MB6
ST16,CB4,MB6
ST16,HL1,MB6
ST16,HL2,MB6
ST16,HL3,MB8
ST16,HL4,MB8
ST16,HL5,MB6
ST16,HL6,MB3
ST16,HL7,MB3
ST16,OW1,MB2
ST16,OW2,MB2
ST16B,CB1,MB3
ST16B,CB2,MB6
ST16B,CB2a,MB6
ST16B,CB3,MB6
ST16B,CB4,MB6
ST16B,OW1,MB2
ST16B,OW2,MB2
ST16C,CB1,MB3
ST16C,CB2,MB6
ST16C,CB2a,MB6
ST16C,CB3,MB6
ST16C,CB4,MB6
ST16C,HL1,MB6
ST16C,HL2,MB6
ST16C,HL5,MB6
ST16C,HL6,MB3
ST16C,HL7,MB3
ST16C,OW1,MB2
ST16C,OW2,MB2
ST16CB,CB1,MB3
ST16CB,CB2,MB6
ST16CB,CB2a,MB6
ST16CB,CB3,MB6
ST16CB,CB4,MB6
ST16CB,OW1,MB2
ST16CB,OW2,MB2
ST16CS,CB1,MB3
ST16CS,CB2,MB6
ST16CS,CB2a,MB6
ST16CS,CB3,MB6
ST16CS,CB4,MB6
ST16CS,HL1,MB6
ST16CS,HL2,MB6
ST16CS,HL5,MB6
ST16CS,HL6,MB3
ST16CS,HL7,MB3
ST16CS,OW1,MB2
ST16CS,OW2,MB2
ST16CSB,CB1,MB3
ST16CSB,CB2,MB6
ST16CSB,CB2a,MB6
ST16CSB,CB3,MB6
ST16CSB,CB4,MB6
ST16CSB,OW1,MB2
ST16CSB,OW2,MB2
ST16L,CB1,MB3
ST16L,CB2,MB6
ST16L,CB2a,MB6
ST16L,CB3,MB6
ST16L,CB4,MB6
ST16L,HL1,MB6
ST16L,HL2,MB6
ST16L,HL3,MB9
ST16L,HL4,MB9
ST16L,HL5,MB6
ST16L,HL6,MB3
ST16L,HL7,MB3
ST16L,OW1,MB2
ST16L,OW2,MB2
ST16LB,CB1,MB3
ST16LB,CB2,MB6
ST16LB,CB2a,MB6
ST16LB,CB3,MB6
ST16LB,CB4,MB6
ST16LB,OW1,MB2
ST16LB,OW2,MB2
ST16LS,CB1,MB3
ST16LS,CB2,MB6
ST16LS,CB2a,MB6
ST16LS,CB3,MB6
ST16LS,CB4,MB6
ST16LS,HL1,MB6
ST16LS,HL2,MB6
ST16LS,HL3,MB9
ST16LS,HL4,MB9
ST16LS,HL5,MB6
ST16LS,HL6,MB3
ST16LS,HL7,MB3
ST16LS,OW1,MB2
ST16LS,OW2,MB2
ST16LSB,CB1,MB3
ST16LSB,CB2,MB6
ST16LSB,CB2a,MB6
ST16LSB,CB3,MB6
ST16LSB,CB4,MB6
ST16LSB,OW1,MB2
ST16LSB,OW2,MB2
ST16S,CB1,MB3
ST16S,CB2,MB6
ST16S,CB2a,MB6
ST16S,CB3,MB6
ST16S,CB4,MB6
ST16S,HL1,MB6
ST16S,HL2,MB6
ST16S,HL3,MB8
ST16S,HL4,MB8
ST16S,HL5,MB6
ST16S,HL6,MB3
ST16S,HL7,MB3
ST16S,OW1,MB2
ST16S,OW2,MB2
ST16SB,CB1,MB3
ST16SB,CB2,MB6
ST16SB,CB2a,MB6
ST16SB,CB3,MB6
ST16SB,CB4,MB6
ST16SB,OW1,MB2
ST16SB,OW2,MB2
ST17,CB2,MB5
ST17,CB2a,MB5
ST17,CB3,MB5
ST17,CB4,MB8
ST17S,CB2,MB5
ST17S,CB2a,MB5
ST17S,CB3,MB5
ST17S,CB4,MB8
ST18,CB2,MB6
ST18,CB2a,MB6
ST18,CB3,MB6
ST18,CB4,MB9
ST18S,CB2,MB6
ST18S,CB2a,MB6
ST18S,CB3,MB6
ST18S,CB4,MB9
ST1B,CB1,MB2
ST1B,CB2,MB5
ST1B,CB2a,MB5
ST1B,CB3,MB5
ST1B,OW1,MB1
ST1B,OW2,MB1
ST1S,CB1,MB2
ST1S,CB2,MB5
ST1S,CB2a,MB5
ST1S,CB3,MB5
ST1S,CB5,MB1
ST1S,CB6,MB1
ST1S,HL1,MB5
ST1S,HL2,MB5
ST1S,HL5,MB5
ST1S,HL6,MB1
ST1S,OW1,MB1
ST1S,OW2,MB1
ST1SB,CB1,MB2
ST1SB,CB2,MB5
ST1SB,CB2a,MB5
ST1SB,CB3,MB5
ST1SB,OW1,MB1
ST1SB,OW2,MB1
ST2,CB1,MB2
ST2,CB2,MB5
ST2,CB2a,MB5
ST2,CB3,MB5
ST2,CB4,MB8
ST2,CB5,MB2
ST2,CB6,MB2
ST2,HL1,MB5
ST2,HL2,MB5
ST2,HL3,MB8
ST2,HL4,MB8
ST2,HL5,MB5
ST2,HL6,MB2
ST2,HL7,MB2
ST2,OF1,MB5
ST2,OF4,MB5
ST2,OW1,MB2
ST2,OW2,MB2
ST2B,CB1,MB2
ST2B,CB2,MB5
ST2B,CB2a,MB5
ST2B,CB3,MB5
ST2B,CB4,MB8
ST2B,OW1,MB2
ST2B,OW2,MB2
ST2C,CB1,MB2
ST2C,CB2,MB5
ST2C,CB2a,MB5
ST2C,CB3,MB5
ST2C,CB5,MB2
ST2C,CB6,MB2
ST2C,HL1,MB5
ST2C,HL2,MB5
ST2C,HL5,MB5
ST2C,HL6,MB2
ST2C,HL7,MB2
ST2C,OF1,MB5
ST2C,OF4,MB5
ST2C,OW1,MB2
ST2C,OW2,MB2
ST2CB,CB1,MB2
ST2CB,CB2,MB5
ST2CB,CB2a,MB5
ST2CB,CB3,MB5
ST2CB,OW1,MB2
ST2CB,OW2,MB2
ST2CS,CB1,MB2
ST2CS,CB2,MB5
ST2CS,CB2a,MB5
ST2CS,CB3,MB5
ST2CS,CB5,MB2
ST2CS,CB6,MB2
ST2CS,HL1,MB5
ST2CS,HL2,MB5
ST2CS,HL5,MB5
ST2CS,HL6,MB2
ST2CS,HL7,MB2
ST2CS,OW1,MB2
ST2CS,OW2,MB2
ST2CSB,CB1,MB2
ST2CSB,CB2,MB5
ST2CSB,CB2a,MB5
ST2CSB,CB3,MB5
ST2CSB,OW1,MB2
ST2CSB,OW2,MB2
ST2L,CB1,MB2
ST2L,CB2,MB5
ST2L,CB2a,MB5
ST2L,CB3,MB5
ST2L,CB4,MB8
ST2L,HL1,MB5
ST2L,HL2,MB5
ST2L,HL3,MB8
ST2L,HL4,MB8
ST2L,HL5,MB5
ST2L,HL6,MB2
ST2L,HL7,MB2
ST2L,OF1,MB8
ST2L,OF4,MB8
ST2L,OW1,MB2
ST2L,OW2,MB2
ST2LB,CB1,MB2
ST2LB,CB2,MB5
ST2LB,CB2a,MB5
ST2LB,CB3,MB5
ST2LB,CB4,MB8
ST2LB,OW1,MB2
ST2LB,OW2,MB2
ST2LS,CB1,MB2
ST2LS,CB2,MB5
ST2LS,CB2a,MB5
ST2LS,CB3,MB5
ST2LS,CB4,MB8
ST2LS,HL1,MB5
ST2LS,HL2,MB5
ST2LS,HL3,MB8
ST2LS,HL4,MB8
ST2LS,HL5,MB5
ST2LS,HL6,MB2
ST2LS,HL7,MB2
ST2LS,OW1,MB2
ST2LS,OW2,MB2
ST2LSB,CB1,MB2
ST2LSB,CB2,MB5
ST2LSB,CB2a,MB5
ST2LSB,CB3,MB5
ST2LSB,CB4,MB8
ST2LSB,OW1,MB2
ST2LSB,OW2,MB2
ST2S,CB1,MB2
ST2S,CB2,MB5
ST2S,CB2a,MB5
ST2S,CB3,MB5
ST2S,CB4,MB8
ST2S,CB5,MB2
ST2S,CB6,MB2
ST2S,HL1,MB5
ST2S,HL2,MB5
ST2S,HL3,MB8
ST2S,HL4,MB8
ST2S,HL5,MB5
ST2S,HL6,MB2
ST2S,HL7,MB2
ST2S,OW1,MB2
ST2S,OW2,MB2
ST2SB,CB1,MB2
ST2SB,CB2,MB5
ST2SB,CB2a,MB5
ST2SB,CB3,MB5
ST2SB,CB4,MB8
ST2SB,OW1,MB2
ST2SB,OW2,MB2
ST3,CB1,MB3
ST3,CB2,MB6
ST3,CB2a,MB6
ST3,CB3,MB6
ST3,CB4,MB9
ST3,CB5,MB3
ST3,CB6,MB3
ST3,HL1,MB6
ST3,HL2,MB6
ST3,HL3,MB9
ST3,HL4,MB9
ST3,HL5,MB6
ST3,HL6,MB3
ST3,HL7,MB3
ST3,OF1,MB6
ST3,OF2,MB6
ST3,OF4,MB6
ST3,OW1,MB3
ST3,OW2,MB3
ST3B,CB1,MB3
ST3B,CB2,MB6
ST3B,CB2a,MB6
ST3B,CB3,MB6
ST3B,CB4,MB9
ST3B,OW1,MB3
ST3B,OW2,MB3
ST3C,CB1,MB3
ST3C,CB2,MB6
ST3C,CB2a,MB6
ST3C,CB3,MB6
ST3C,CB5,MB3
ST3C,CB6,MB3
ST3C,HL1,MB6
ST3C,HL2,MB6
ST3C,HL5,MB6
ST3C,HL6,MB3
ST3C,HL7,MB3
ST3C,OF1,MB6
ST3C,OF2,MB6
ST3C,OF4,MB6
ST3C,OW1,MB3
ST3C,OW2,MB3
ST3CB,CB1,MB3
ST3CB,CB2,MB6
ST3CB,CB2a,MB6
ST3CB,CB3,MB6
ST3CB,OW1,MB3
ST3CB,OW2,MB3
ST3CS,CB1,MB3
ST3CS,CB2,MB6
ST3CS,CB2a,MB6
ST3CS,CB3,MB6
ST3CS,CB5,MB3
ST3CS,CB6,MB3
ST3CS,HL1,MB6
ST3CS,HL2,MB6
ST3CS,HL5,MB6
ST3CS,HL6,MB3
ST3CS,HL7,MB3
ST3CS,OW1,MB3
ST3CS,OW2,MB3
ST3CSB,CB1,MB3
ST3CSB,CB2,MB6
ST3CSB,CB2a,MB6
ST3CSB,CB3,MB6
ST3CSB,OW1,MB3
ST3CSB,OW2,MB3
ST3L,CB1,MB3
ST3L,CB2,MB6
ST3L,CB2a,MB6
ST3L,CB3,MB6
ST3L,CB4,MB9
ST3L,HL1,MB6
ST3L,HL2,MB6
ST3L,HL3,MB9
ST3L,HL4,MB9
ST3L,HL5,MB6
ST3L,HL6,MB3
ST3L,HL7,MB3
ST3L,OF1,MB9
ST3L,OF2,MB9
ST3L,OF4,MB9
ST3L,OW1,MB3
ST3L,OW2,MB3
ST3LB,CB1,MB3
ST3LB,CB2,MB6
ST3LB,CB2a,MB6
ST3LB,CB3,MB6
ST3LB,CB4,MB9
ST3LB,OW1,MB3
ST3LB,OW2,MB3
ST3LS,CB1,MB3
ST3LS,CB2,MB6
ST3LS,CB2a,MB6
ST3LS,CB3,MB6
ST3LS,CB4,MB9
ST3LS,HL1,MB6
ST3LS,HL2,MB6
ST3LS,HL3,MB9
ST3LS,HL4,MB9
ST3LS,HL5,MB6
ST3LS,HL6,MB3
ST3LS,HL7,MB3
ST3LS,OW1,MB3
ST3LS,OW2,MB3
ST3LSB,CB1,MB3
ST3LSB,CB2,MB6
ST3LSB,CB2a,MB6
ST3LSB,CB3,MB6
ST3LSB,CB4,MB9
ST3LSB,OW1,MB3
ST3LSB,OW2,MB3
ST3S,CB1,MB3
ST3S,CB2,MB6
ST3S,CB2a,MB6
ST3S,CB3,MB6
ST3S,CB4,MB9
ST3S,CB5,MB3
ST3S,CB6,MB3
ST3S,HL1,MB6
ST3S,HL2,MB6
ST3S,HL3,MB9
ST3S,HL4,MB9
ST3S,HL5,MB6
ST3S,HL6,MB3
ST3S,HL7,MB3
ST3S,OW1,MB3
ST3S,OW2,MB3
ST3SB,CB1,MB3
ST3SB,CB2,MB6
ST3SB,CB2a,MB6
ST3SB,CB3,MB6
ST3SB,CB4,MB9
ST3SB,OW1,MB3
ST3SB,OW2,MB3
ST4,WB1,MB4
ST4,WB2,MB7
ST4,WB3,MB4
ST4,WC11,MB4
ST4,WC3,MB4
ST4,WC6,MB7
ST4,WC7,MB4
ST4B,WB1,MB4
ST4B,WC11,MB4
ST4B,WC3,MB4
ST4B,WC6,MB7
ST4B,WC7,MB4
ST4S,WB1,MB4
ST4S,WB2,MB7
ST4S,WB3,MB4
ST4S,WC11,MB4
ST4S,WC3,MB4
ST4S,WC6,MB7
ST4S,WC7,MB4
ST4SB,WB1,MB4
ST4SB,WC11,MB4
ST4SB,WC3,MB4
ST4SB,WC6,MB7
ST4SB,WC7,MB4
ST5,CB1,MB2
ST5,CB2,MB5
ST5,CB2a,MB5
ST5,CB3,MB5
ST5,CB4,MB8
ST5,HL1,MB5
ST5,HL2,MB5
ST5,HL3,MB8
ST5,HL4,MB8
ST5,HL5,MB5
ST5,HL6,MB2
ST5,HL7,MB2
ST5,OF1,MB8
ST5,OF4,MB8
ST5C,CB1,MB2
ST5C,CB2,MB5
ST5C,CB2a,MB5
ST5C,CB3,MB5
ST5C,CB4,MB8
ST5C,HL1,MB5
ST5C,HL2,MB5
ST5C,HL3,MB8
ST5C,HL4,MB8
ST5C,HL5,MB5
ST5C,HL6,MB2
ST5C,HL7,MB2
ST5C,OF1,MB5
ST5C,OF4,MB5
ST5CS,CB1,MB2
ST5CS,CB2,MB5
ST5CS,CB2a,MB5
ST5CS,CB3,MB5
ST5CS,CB4,MB8
ST5CS,HL1,MB5
ST5CS,HL2,MB5
ST5CS,HL3,MB8
ST5CS,HL4,MB8
ST5CS,HL5,MB5
ST5CS,HL6,MB2
ST5CS,HL7,MB2
ST5S,CB1,MB2
ST5S,CB2,MB5
ST5S,CB2a,MB5
ST5S,CB3,MB5
ST5S,CB4,MB8
ST5S,HL1,MB5
ST5S,HL2,MB5
ST5S,HL3,MB8
ST5S,HL4,MB8
ST5S,HL5,MB5
ST5S,HL6,MB2
ST5S,HL7,MB2
ST6,CB1,MB3
ST6,CB2,MB6
ST6,CB2a,MB6
ST6,CB3,MB6
ST6,CB4,MB9
ST6,HL1,MB6
ST6,HL2,MB6
ST6,HL3,MB9
ST6,HL4,MB9
ST6,HL5,MB6
ST6,HL6,MB3
ST6,HL7,MB3
ST6,OF1,MB9
ST6,OF2,MB9
ST6,OF4,MB9
ST6C,CB1,MB3
ST6C,CB2,MB6
ST6C,CB2a,MB6
ST6C,CB3,MB6
ST6C,CB4,MB9
ST6C,HL1,MB6
ST6C,HL2,MB6
ST6C,HL3,MB9
ST6C,HL4,MB9
ST6C,HL5,MB6
ST6C,HL6,MB3
ST6C,HL7,MB3
ST6C,OF1,MB6
ST6C,OF2,MB6
ST6C,OF4,MB6
ST6CS,CB1,MB3
ST6CS,CB2,MB6
ST6CS,CB2a,MB6
ST6CS,CB3,MB6
ST6CS,CB4,MB9
ST6CS,HL1,MB6
ST6CS,HL2,MB6
ST6CS,HL3,MB9
ST6CS,HL4,MB9
ST6CS,HL5,MB6
ST6CS,HL6,MB3
ST6CS,HL7,MB3
ST6S,CB1,MB3
ST6S,CB2,MB6
ST6S,CB2a,MB6
ST6S,CB3,MB6
ST6S,CB4,MB9
ST6S,HL1,MB6
ST6S,HL2,MB6
ST6S,HL3,MB9
ST6S,HL4,MB9
ST6S,HL5,MB6
ST6S,HL6,MB3
ST6S,HL7,MB3
ST7,OF2,MB9
ST7,WB1,MB4
ST7,WB2,MB7
ST7,WB3,MB4
ST7,WC11,MB4
ST7,WC3,MB4
ST7,WC6,MB7
ST7,WC7,MB4
ST7S,WB1,MB4
ST7S,WB2,MB7
ST7S,WB3,MB4
ST7S,WC11,MB4
ST7S,WC3,MB4
ST7S,WC6,MB7
ST7S,WC7,MB4
ST8,CB2,MB5
ST8,CB2a,MB5
ST8,CB3,MB5
ST8,CB4,MB8
ST8,HL2,MB8
ST8,HL3,MB8
ST8,HL4,MB8
ST8,HL5,MB8
ST8,OF1,MB8
ST8,OF4,MB8
ST8B,CB2,MB5
ST8B,CB2a,MB5
ST8B,CB3,MB5
ST8B,CB4,MB8
ST8C,CB2,MB5
ST8C,CB2a,MB5
ST8C,CB3,MB5
ST8C,CB4,MB8
ST8C,HL2,MB5
ST8C,HL3,MB8
ST8C,HL4,MB8
ST8C,HL5,MB5
ST8C,OF1,MB8
ST8C,OF4,MB8
ST8CB,CB2,MB5
ST8CB,CB2a,MB5
ST8CB,CB3,MB5
ST8CB,CB4,MB8
ST8CS,CB2,MB5
ST8CS,CB2a,MB5
ST8CS,CB3,MB5
ST8CS,CB4,MB8
ST8CS,HL2,MB5
ST8CS,HL3,MB8
ST8CS,HL4,MB8
ST8CS,HL5,MB5
ST8CSB,CB2,MB5
ST8CSB,CB2a,MB5
ST8CSB,CB3,MB5
ST8CSB,CB4,MB8
ST8S,CB2,MB5
ST8S,CB2a,MB5
ST8S,CB3,MB5
ST8S,CB4,MB8
ST8S,HL2,MB8
ST8S,HL3,MB8
ST8S,HL4,MB8
ST8S,HL5,MB8
ST8SB,CB2,MB5
ST8SB,CB2a,MB5
ST8SB,CB3,MB5
ST8SB,CB4,MB8
ST9,CB2,MB6
ST9,CB2a,MB6
ST9,CB3,MB6
ST9,CB4,MB9
ST9,HL2,MB9
ST9,HL3,MB9
ST9,HL4,MB9
ST9,HL5,MB9
ST9,OF1,MB9
ST9,OF2,MB9
ST9,OF4,MB9
ST9B,CB2,MB6
ST9B,CB2a,MB6
ST9B,CB3,MB6
ST9B,CB4,MB9
ST9C,CB2,MB6
ST9C,CB2a,MB6
ST9C,CB3,MB6
ST9C,CB4,MB9
ST9C,HL2,MB6
ST9C,HL3,MB9
ST9C,HL4,MB9
ST9C,HL5,MB6
ST9C,OF1,MB9
ST9C,OF2,MB9
ST9C,OF4,MB9
ST9CB,CB2,MB6
ST9CB,CB2a,MB6
ST9CB,CB3,MB6
ST9CB,CB4,MB9
ST9CS,CB2,MB6
ST9CS,CB2a,MB6
ST9CS,CB3,MB6
ST9CS,CB4,MB9
ST9CS,HL2,MB6
ST9CS,HL3,MB9
ST9CS,HL4,MB9
ST9CS,HL5,MB6
ST9CSB,CB2,MB6
ST9CSB,CB2a,MB6
ST9CSB,CB3,MB6
ST9CSB,CB4,MB9
ST9S,CB2,MB6
ST9S,CB2a,MB6
ST9S,CB3,MB6
ST9S,CB4,MB9
ST9S,HL2,MB9
ST9S,HL3,MB9
ST9S,HL4,MB9
ST9S,HL5,MB9
ST9SB,CB2,MB6
ST9SB,CB2a,MB6
ST9SB,CB3,MB6
ST9SB,CB4,MB9
